thresh,npix,tnpix,xmin,xmax,ymin,ymax,x,y,x2,y2,xy,errx2,erry2,errxy,a,b,theta,cxx,cyy,cxy,cflux,flux,cpeak,peak,xcpeak,ycpeak,xpeak,ypeak,flag,T,fwhm,r50,flux90,flux90_err,flux50,flux50_err,df
93.98372650146484,5081,5040,5513,5611,339,408,5562.347659877746,373.5611552782613,236.19004625623802,148.80110345946923,0.025593826308750067,3.8398337768891063e-07,1.99575271258099e-07,8.45976886487785e-10,15.368475914001465,12.198405265808105,0.0002928725734818727,0.004233878571540117,0.006720380391925573,-1.4564564025931759e-06,3204496.5,3204953.75,2823.663330078125,2848.417236328125,5562,374,5562,375,0,19.621191342925822,27.74855490708326,17.213144760198706,3546221.029294207,0.0,1777217.6585839847,0.0,1.2517074949873777
93.98372650146484,5548,5522,4982,5085,337,409,5034.01570417779,373.8666426546175,253.6105521695822,154.68130699311018,1.7072176915812634,3.743971535315701e-07,1.8787833321099866e-07,4.160634472832859e-09,15.926079750061035,12.43591022491455,0.01725010946393013,0.003943346440792084,0.006465385667979717,-8.704543870408088e-05,3575769.5,3576242.5,3074.432861328125,3095.255615234375,5034,374,5035,374,0,20.206233175995283,28.575929001965708,17.48173488670476,3967643.287030868,0.0,1989214.904584961,0.0,1.396715800077426
93.98372650146484,5320,5289,4451,4551,340,410,4501.073753738161,374.84339369371435,241.81691580599545,152.57139603969767,0.7442163674063522,3.778386969168672e-07,1.9523363840765205e-07,2.5528185989802375e-09,15.550662994384766,12.351728439331055,0.008338204585015774,0.004135421942919493,0.006554407067596912,-4.034371886518784e-05,3387266.75,3387696.75,2962.365234375,2983.83642578125,4502,375,4502,375,0,19.85921226649469,28.08516732532292,17.341125809413004,3769889.722136762,0.0,1889482.9989501957,0.0,1.3230785039314157
93.98372650146484,5652,5621,3918,4022,340,413,3971.062183756904,376.94237983448994,258.80981715986445,157.63159617665542,1.010773496670481,3.879258643523287e-07,2.004942416800758e-07,2.7762913055565785e-09,16.087881088256836,12.554739952087402,0.009988700971007347,0.003863937919959426,0.006344064604490995,-4.955308395437896e-05,3552777.75,3553238.0,3034.283203125,3059.163330078125,3972,377,3972,377,0,20.40689622006541,28.85970940035675,17.60142531877703,3924352.9742541485,0.0,1967981.1071093753,0.0,1.387731300669771
93.98372650146484,4923,4896,2860,2957,347,414,2908.8723051209045,380.73977667629885,236.94592438277414,144.29625107316087,0.43328958441361465,4.155714634725981e-07,2.0322436799270557e-07,1.4214426378064649e-09,15.39311408996582,12.012252807617188,0.004676508251577616,0.004220395348966122,0.006930225063115358,-2.5345820176880807e-05,3030116.75,3030613.25,2671.998291015625,2690.630859375,2909,381,2908,380,0,19.525423822696784,27.61311918114051,17.284872038928228,3398141.414846192,0.0,1702619.206477051,0.0,1.1836181159971668
93.98372650146484,5385,5360,2326,2431,347,416,2379.445993602165,381.5491205949488,259.83299838099674,148.39189098965994,0.6190758436575834,4.167634337165108e-07,1.9059034827337767e-07,1.829423206942202e-09,16.119441986083984,12.181479454040527,0.005554955452680588,0.003848664229735732,0.006738979835063219,-3.211246803402901e-05,3367381.5,3367833.75,2884.21484375,2900.946533203125,2380,382,2380,382,0,20.204575951270463,28.573585332283965,17.46403323703555,3726068.9088771087,0.0,1868036.4012011732,0.0,1.315320929903106
93.98372650146484,5053,5025,6047,6143,863,934,6096.066244687555,898.6881752109182,228.6866156048418,150.01887329358215,0.25429955376853286,3.645465686861937e-07,2.009516256467884e-07,6.567744199698805e-10,15.122415542602539,12.248185157775879,0.0032325321808457375,0.0043728044256567955,0.006665840744972229,-1.4824831851001363e-05,3222788.25,3223259.0,2834.667724609375,2852.119140625,6097,898,6097,898,0,19.46035685434427,27.521100592033886,17.143164939617822,3578050.303143384,0.0,1793481.4117333987,0.0,1.2588566835279666
93.98372650146484,5328,5300,5516,5616,864,936,5566.358960145546,900.5281091293083,242.77773250768178,154.22542199261306,-0.7132029966342088,3.9011605870524926e-07,2.090566950053486e-07,-1.2945714950708205e-09,15.581510543823242,12.418521881103516,-0.00805333349853754,0.00411904975771904,0.006484103389084339,3.809642657870427e-05,3310006.0,3310441.75,2857.727783203125,2874.578125,5566,902,5566,902,0,19.92493800492977,28.178117556014804,17.335305780651616,3652299.461980134,0.0,1830563.490766601,0.0,1.2929062549480255
93.98372650146484,5320,5282,4452,4556,868,937,4504.765503364745,903.0034608258513,252.46492284592978,147.70928716337176,1.9005137559779541,3.940713868544979e-07,1.8460346784668728e-07,4.474611614679251e-09,15.890229225158691,12.152153015136719,0.018134398385882378,0.003961329814046621,0.006770710926502943,-0.0001019375558826141,3400151.25,3400626.75,2951.1591796875,2965.837646484375,4505,903,4505,903,0,20.00435477613066,28.29042983092698,17.359564936942558,3773126.7418485996,0.0,1890397.127270508,0.0,1.3281283671034465
93.98372650146484,5531,5492,4985,5088,865,937,5037.798695514572,901.4028335745513,256.40704765390274,154.11413072705386,0.6865545711093546,3.9170029690823686e-07,1.94912936528517e-07,1.7065547414646898e-09,16.012859344482422,12.414085388183594,0.0067112501710653305,0.0039000953547656536,0.00648877490311861,-3.4748642065096647e-05,3492146.75,3492596.0,3012.429443359375,3040.42529296875,5038,901,5038,901,0,20.26132222686754,28.653836684847516,17.524038020808835,3865988.9293080913,0.0,1937724.1606591793,0.0,1.3640473252267478
93.98372650146484,5180,5148,3925,4027,871,939,3976.2569266650016,905.1157516025402,251.81871513732767,146.72387107747522,0.5623054379780115,4.176665798960561e-07,1.9710448922258603e-07,2.6415749051423584e-09,15.868891716003418,12.112838745117188,0.005350252613425255,0.0039711445569992065,0.006815582048147917,-3.0438077374128625e-05,3209988.0,3210499.75,2789.0029296875,2801.80615234375,3977,906,3976,906,0,19.963531406412116,28.232696867809242,17.444047606799995,3570506.6119197095,0.0,1789640.7698364255,0.0,1.2538735074508023
93.98372650146484,5237,5206,3399,3498,870,940,3448.1395048877125,905.6070633822521,237.5211914403435,151.89266782343793,0.6010165422624141,3.7925416838164487e-07,2.0077128133278424e-07,2.3855059523458118e-09,15.411859512329102,12.32430362701416,0.007018421310931444,0.004210192710161209,0.006583662237972021,-3.331820335006341e-05,3307304.75,3307722.25,2872.951904296875,2881.433349609375,3448,906,3447,906,0,19.733571883057092,27.907484991083717,17.19269573977884,3646342.256665726,0.0,1826734.1125244142,0.0,1.2918441433551147
93.98372650146484,4792,4777,2866,2960,874,941,2913.1078796793113,908.2692624143825,226.75608429111026,145.41200676218068,0.7924010435342552,3.943164947905435e-07,2.0806082308771033e-07,2.904745445483878e-09,15.05867862701416,12.058369636535645,0.009740117006003857,0.004410109017044306,0.006877142004668713,-4.806446304428391e-05,2971077.75,2971582.0,2629.9443359375,2649.798828125,2913,909,2912,909,0,19.291658587412616,27.282525214990308,17.198353572395266,3329683.2414472974,0.0,1668038.4695874022,0.0,1.1605632254036682
93.98372650146484,5128,5094,2333,2432,876,945,2383.4829170494663,910.547571629472,240.6620495328143,148.67314099266423,0.6470106262534046,3.974992536645493e-07,1.9982246750727416e-07,2.4192281993439978e-09,15.513432502746582,12.192973136901855,0.00703310826793313,0.004155253060162067,0.006726243067532778,-3.6166489735478535e-05,3205399.5,3205859.75,2787.52197265625,2801.357666015625,2384,911,2383,911,0,19.731578510739542,27.90466593691738,17.323567786694465,3567721.331741104,0.0,1788221.4742065428,0.0,1.2520613369080165
93.98372650146484,5037,5008,1807,1903,874,948,1854.8530094030743,911.9867758885314,230.731514154656,150.4807559641131,0.00848405368310523,3.8917544651809685e-07,2.1182830546546454e-07,8.821201128885261e-10,15.189848899841309,12.267059326171875,0.00010571929306024686,0.004334041848778725,0.006645367946475744,-4.887035629508318e-07,3120097.75,3120591.75,2757.546630859375,2795.873779296875,1853,912,1853,912,0,19.52465800260709,27.612036147983332,17.17435175555129,3454424.0872074887,0.0,1730849.834121094,0.0,1.218759578752354
93.98372650146484,5024,4994,6053,6151,1393,1462,6101.532227523767,1427.1156213221514,232.77143553793894,146.89732871920592,0.46796853969658514,3.746923014644139e-07,1.9348103033303018e-07,2.0294660572498448e-09,15.256932258605957,12.120015144348145,0.005449256394058466,0.004296087194234133,0.006807519122958183,-2.737195791269187e-05,3213487.25,3213973.5,2852.575439453125,2881.289306640625,6102,1428,6102,1428,0,19.48509081983312,27.556079701479486,17.170036679775574,3581136.068160704,0.0,1795165.5368750007,0.0,1.255230194395415
93.98372650146484,5041,5014,4994,5093,1397,1464,5043.585522529932,1430.759175504549,241.16042944287437,145.6070897047489,0.16116322962147933,4.096156782956946e-07,1.9721923614807546e-07,7.198039218339376e-10,15.529349327087402,12.066764831542969,0.0016866246005520225,0.004146620165556669,0.006867802701890469,-9.17926081456244e-06,3137403.5,3137887.5,2744.0390625,2758.640869140625,5044,1431,5045,1431,0,19.66640585230619,27.812497879465024,17.332189017383627,3514921.412739865,0.0,1761149.1283984375,0.0,1.225514503033688
93.98372650146484,5543,5513,5519,5621,1392,1466,5570.805485100359,1428.8435505995383,245.05020564987763,159.01948944134597,-0.10583931932296764,3.716177856282453e-07,2.0538085269782483e-07,4.916265619087365e-10,15.654083251953125,12.6102876663208,-0.0012302479008212686,0.004080797545611858,0.006288539152592421,5.43214991921559e-06,3502815.5,3503234.75,3017.054931640625,3057.437744140625,5571,1430,5570,1429,0,20.101484897669216,28.427792566121752,17.41063305013062,3865164.948725589,0.0,1937839.7655761717,0.0,1.3682023315547789
93.98372650146484,5159,5110,3931,4031,1398,1467,3980.9460043411223,1432.4903948477204,243.99422615271715,147.59545838684562,1.1848230148773382,4.035728773978488e-07,1.970828765199451e-07,2.9391371377526346e-09,15.620780944824219,12.148287773132324,0.012288377620279789,0.004098617471754551,0.006775540299713612,-6.580333138117567e-05,3223907.25,3224371.75,2874.740234375,2907.553955078125,3981,1433,3980,1433,0,19.78862513009842,27.98534203970224,17.29948123877059,3578582.203283767,0.0,1793413.4776025394,0.0,1.2592912724873384
93.98372650146484,5581,5544,4457,4559,1393,1467,4508.840550140651,1430.5874460832329,248.4143647769606,159.49094510769532,0.9062387520618813,3.694060669827886e-07,2.0504495428385176e-07,2.6499035571081677e-09,15.761459350585938,12.628606796264648,0.010189816355705261,0.004025615751743317,0.0062700784765183926,-4.574765989673324e-05,3532956.75,3533386.25,3019.139404296875,3034.880615234375,4510,1431,4510,1431,0,20.196665811085154,28.56239870475363,17.54334507706341,3925142.87876274,0.0,1967391.2653857425,0.0,1.3799781203739192
93.98372650146484,5018,4986,2871,2968,1402,1470,2918.8772806144075,1436.1387473170682,234.38710487330127,145.7316157652274,0.6404535614756242,3.6895880165348167e-07,1.869995844921874e-07,2.349904791813564e-09,15.309857368469238,12.07174301147461,0.007223568391054869,0.004266497679054737,0.006862011272460222,-3.750035466509871e-05,3248652.25,3249135.5,2871.38623046875,2883.474365234375,2919,1436,2919,1436,0,19.49663357194079,27.572403618057265,17.15448380570664,3616412.3895148467,0.0,1812677.0807910163,0.0,1.268962854012967
93.98372650146484,4999,4941,2340,2436,1404,1473,2388.515542235998,1438.5515074382067,228.450059226313,149.52112186674708,1.6940556738220494,3.7403290935954424e-07,2.0445920682796983e-07,4.79140259328075e-09,15.115766525268555,12.226396560668945,0.021449880674481392,0.0043776920065283775,0.006688580382615328,-9.919740841723979e-05,3154769.5,3155335.75,2783.61962890625,2795.07763671875,2389,1439,2389,1439,0,19.44148093878293,27.494406016244834,17.219820057149423,3521374.5511381514,0.0,1764806.0832568365,0.0,1.2323289867994565
93.98372650146484,5106,5067,1810,1909,1405,1475,1858.8929178275657,1440.170663462244,238.28963902272972,148.62934959302788,1.5001395236911321,3.8252488544135763e-07,1.961000567940235e-07,3.711364197840963e-09,15.437445640563965,12.19033432006836,0.01672513037919998,0.004196840338408947,0.006728573702275753,-8.471874753013253e-05,3238658.75,3239137.0,2848.306884765625,2866.707275390625,1859,1440,1859,1440,0,19.670256445093887,27.81794344000856,17.28051752818712,3605178.472298735,0.0,1806732.0948193367,0.0,1.2650578998810604
93.98372650146484,5364,5304,3403,3500,1396,1512,3451.254833102943,1433.7386242301754,234.84898038622214,163.67033019446671,0.3545012458769179,3.579878575368782e-07,2.269921935635665e-07,4.866818641521698e-10,15.324840545654297,12.793301582336426,0.004980278667062521,0.004258069675415754,0.006109863054007292,-1.844550388341304e-05,3386646.75,3390574.0,2952.86279296875,2970.99658203125,3451,1434,3451,1434,0,19.962948444072303,28.23187243456193,17.406995127793397,3764590.356024701,0.0,1887169.955395508,0.0,1.3242022254172412
93.98372650146484,3216,3201,7137,7200,1925,1988,7168.269252693233,1956.825539615263,140.39930387954007,133.56591415109813,-0.35138383084586167,2.582368183808941e-07,2.526857322114139e-07,-1.1111093648482374e-09,11.84978199005127,11.556292533874512,-0.051241450011730194,0.007122589275240898,0.007486989255994558,3.747606751858257e-05,2109091.5,2109812.25,2223.140380859375,2242.420654296875,7168,1957,7167,1957,0,16.551894696095616,23.40791396218972,15.381227829823729,2329629.8733319845,0.0,1165282.3205590816,0.0,0.8239956056592651
93.98372650146484,3243,3230,6607,6671,1927,1990,6638.5232287621375,1958.2319770025638,142.35019198393763,132.9768862266361,-0.9690857445003758,2.503861470898195e-07,2.4085826114603424e-07,-2.1221350974349857e-09,11.935214042663574,11.527260780334473,-0.10195102542638779,0.007025277707725763,0.007520476821810007,0.00010239518451271579,2169191.75,2169906.75,2210.1767578125,2230.46923828125,6639,1958,6638,1957,0,16.5929828002856,23.466021316387394,15.362756957946361,2386639.9776676935,0.0,1193060.4855151372,0.0,0.8474657527893192
93.98372650146484,3234,3221,6074,6138,1928,1991,6105.810170628474,1959.461288861499,141.15018877950024,134.05355540814458,-0.05538775584511768,2.5904885956908176e-07,2.5292276562707907e-07,-2.3426934264904546e-10,11.880682945251465,11.578131675720215,-0.007804159540683031,0.0070846532471477985,0.007459706161171198,5.854421942785848e-06,2118604.75,2119305.5,2193.583251953125,2210.02587890625,6106,1959,6106,1958,0,16.589265932754373,23.460764871915188,15.386422026176717,2334542.991617279,0.0,1167189.263579102,0.0,0.8277032323845459
93.98372650146484,3195,3175,5545,5609,1931,1994,5576.969012880424,1962.140763594004,141.71588665917807,132.57337194884633,-0.5996538245390184,2.7056094007203796e-07,2.6011367858204474e-07,-9.70742176104202e-10,11.906092643737793,11.512350082397461,-0.06521721184253693,0.0070565068162977695,0.007543137297034264,6.383576692314819e-05,2056121.875,2056840.75,2087.94775390625,2101.456298828125,5577,1962,5576,1963,0,16.561680428266463,23.42175307734348,15.420338368353676,2272022.6282348623,0.0,1135905.905925293,0.0,0.8033073746447851
93.98372650146484,3161,3144,4483,4546,1933,1995,4514.384892113679,1963.8479692583448,140.02725907487422,132.0223902128272,0.22777469727702737,2.6771814009895324e-07,2.578532035248029e-07,-2.6246485911073346e-10,11.833584785461426,11.48981761932373,0.028423860669136047,0.007141486741602421,0.007574493996798992,-2.4642031348776072e-05,2044023.125,2044754.0,2152.048828125,2173.212890625,4514,1963,4514,1963,0,16.49392764891678,23.325936177898686,15.35394301429524,2254824.6232981863,0.0,1127313.3217089842,0.0,0.798586846130126
93.98372650146484,3198,3185,5017,5080,1932,1995,5048.418586439561,1963.1641383615888,140.12824767216182,132.07503584201493,-0.5363865503335319,2.519664514685989e-07,2.44937148522168e-07,-1.4858447974698489e-09,11.839079856872559,11.490842819213867,-0.06621546298265457,0.007136430591344833,0.0075715710408985615,5.7965313317254186e-05,2126705.0,2127449.25,2178.784423828125,2195.8681640625,5051,1964,5051,1964,0,16.498584288179902,23.332521660299676,15.29964333518216,2347011.715960921,0.0,1173693.5700634765,0.0,0.8308838064918332
93.98372650146484,3159,3148,3954,4017,1934,1997,3985.616917592122,1965.5221422071588,140.32326066124938,130.73589265967303,-0.9012632659527071,2.6251512098208084e-07,2.5028564097735475e-07,-1.9448649522454142e-09,11.849356651306152,11.430306434631348,-0.09292056411504745,0.0071267178282141685,0.007649347651749849,9.825991583056748e-05,2068027.625,2068762.75,2186.80322265625,2215.536376953125,3985,1966,3986,1966,0,16.463874189294646,23.283434167704833,15.32156566722182,2283219.682018128,0.0,1141283.8056762696,0.0,0.8079635593885555
93.98372650146484,3150,3139,3424,3487,1935,1998,3455.340410741841,1966.6051056152678,139.9795627099196,130.78495475983573,-0.3031381732075715,2.71326352258192e-07,2.6010643814627514e-07,4.3607427304056835e-10,11.831717491149902,11.435688972473145,-0.03292146697640419,0.007143935654312372,0.0076461778953671455,3.311695400043391e-05,2025603.0,2026340.5,2110.37158203125,2127.156982421875,3455,1966,3455,1966,0,16.454923806257973,23.270776414625935,15.274560553215322,2236215.3016281896,0.0,1118184.9956274417,0.0,0.7913953801194387
93.98372650146484,3249,3228,2891,2955,1937,2001,2922.5263771421237,1969.167772295673,142.31642628057557,134.2929047460732,-0.5367298819500093,2.500020630188421e-07,2.47907439306e-07,-6.835158155414588e-10,11.931142807006836,11.586938858032227,-0.06649965792894363,0.00702670169994235,0.007446521893143654,5.616738781100139e-05,2158266.0,2159003.25,2207.33642578125,2215.067138671875,2921,1969,2921,1969,0,16.631576324168698,23.52060080128264,15.472850907778454,2384752.6102522276,0.0,1192565.3951464857,0.0,0.8432073472907704
93.98372650146484,3202,3190,2361,2425,1939,2002,2393.3029578637343,1970.2224909403803,141.0025488991555,132.27094940549205,-0.6082096684809812,2.595364999869364e-07,2.513876144042533e-07,-1.46171120949354e-09,11.876224517822266,11.499077796936035,-0.0692107081413269,0.007092210929840803,0.007560389116406441,6.522295734612271e-05,2099949.5,2100666.0,2163.689453125,2183.64794921875,2394,1970,2393,1971,0,16.530986005216008,23.378344607976313,15.344304816120658,2317896.2098216247,0.0,1158852.411743165,0.0,0.820423501170697
93.98372650146484,3204,3187,1832,1896,1941,2004,1863.8059094133191,1972.1801654870474,141.70203426277476,132.3684433499542,-0.3099885055106597,2.6296158133736606e-07,2.5307450889650557e-07,-1.0314792150912522e-09,11.904298782348633,11.504701614379883,-0.03316342085599899,0.007057097740471363,0.007554709445685148,3.3053485822165385e-05,2090963.625,2091691.5,2170.617919921875,2198.141357421875,1863,1971,1863,1971,0,16.55507407451652,23.412410282272475,15.371027615306664,2303251.7597823325,0.0,1151486.6848632812,0.0,0.8169184743309916
93.98372650146484,5917,5890,751,853,1931,2011,800.7036477053508,1972.6866032385224,253.77671514781787,190.6666378359928,-0.3979529744337924,3.869446876814219e-07,2.401702175267035e-07,4.3446619945623626e-10,15.930449485778809,13.808117866516113,-0.006305362097918987,0.003940484952181578,0.005244773346930742,1.6448893802589737e-05,3564309.75,3564798.5,2769.10986328125,2784.87255859375,801,1974,801,1974,0,21.08182518151146,29.81420309127214,18.510053741402448,3967758.3686743136,0.0,1987419.8912353513,0.0,1.3922463001438823
93.98372650146484,3172,3158,6612,6675,2453,2516,6643.347159538394,2484.49983446886,139.11536956655948,131.64405321660047,-0.735147035019736,2.4827007750988927e-07,2.399357043960742e-07,-2.1681731789100382e-09,11.797755241394043,11.470501899719238,-0.09715444594621658,0.007188490591943264,0.007596465293318033,8.028615411603823e-05,2128233.5,2128959.5,2213.642578125,2231.092529296875,6643,2484,6642,2484,0,16.45476899817071,23.270557482929366,15.256800822931242,2338003.0538202655,0.0,1168823.7189892582,0.0,0.8314736406647303
93.98372650146484,3182,3170,7141,7205,2453,2516,7173.211940881156,2484.341937423183,141.478550374512,130.8748545943165,-0.7556457884503516,2.616468000910018e-07,2.46482769974241e-07,-2.5778611137850323e-09,11.896727561950684,11.437712669372559,-0.0707857608795166,0.00706842727959156,0.007641122676432133,8.162343146977946e-05,2092897.0,2093625.25,2198.08349609375,2215.9443359375,7173,2484,7173,2484,0,16.503133186423373,23.338954773889448,15.304768599459644,2299514.48297157,0.0,1149839.1673730481,0.0,0.8176737081213176
93.98372650146484,3164,3152,6078,6141,2456,2518,6109.3912024551955,2487.172114881457,140.04683400419765,131.05586404762755,-0.5214051273563882,2.6309550586084347e-07,2.5119119034801444e-07,-2.2414323374626866e-09,11.83541202545166,11.446646690368652,-0.05773412436246872,0.007140574045479298,0.0076304469257593155,5.681748007191345e-05,2068360.375,2069095.5,2161.57763671875,2178.012451171875,6110,2487,6110,2487,0,16.465196568879012,23.28530429484765,15.293979426871054,2282310.706220477,0.0,1141454.1258642576,0.0,0.8080935162308209
93.98372650146484,3227,3212,5020,5084,2459,2522,5051.991498407371,2490.4082909577164,140.99143075721838,132.39234575878368,-0.5307554997303896,2.5949278169286483e-07,2.5139454689849163e-07,-2.7018808841258656e-09,11.87535572052002,11.504769325256348,-0.06141163781285286,0.007092736661434174,0.007553420960903168,5.686898293788545e-05,2116478.25,2117183.5,2232.59912109375,2249.55810546875,5052,2492,5051,2491,0,16.534321168889942,23.38306124167672,15.313888768545656,2331135.8717499543,0.0,1165893.1531469729,0.0,0.8268744768044183
93.98372650146484,3232,3217,5549,5613,2458,2522,5580.64431199846,2489.984909758947,140.5409676073566,133.92933728559626,-0.4149986006907511,2.5052782810958665e-07,2.474067105784204e-07,-1.6103407557071176e-09,11.856091499328613,11.571662902832031,-0.062441326677799225,0.007115427870303392,0.007466692477464676,4.409627945278771e-05,2147076.75,2147798.5,2198.209228515625,2217.7890625,5582,2489,5582,2488,0,16.56714534531984,23.42948163715761,15.374421998111353,2365712.9157312,0.0,1182851.888269043,0.0,0.8388312874008391
93.98372650146484,3160,3143,4488,4552,2461,2523,4519.802599407719,2492.062051403471,141.0891509653552,131.9856976702597,-0.8284666475118456,2.7276121356793477e-07,2.6266838515382137e-07,-7.364753570772589e-10,11.881242752075195,11.485247611999512,-0.0900203213095665,0.007087978534400463,0.007576857693493366,8.898166561266407e-05,2024418.0,2025127.75,2092.42626953125,2115.920654296875,4520,2494,4520,2494,0,16.524976509381638,23.369845897464316,15.425991703454168,2241890.7204125216,0.0,1121483.6087207033,0.0,0.7909217357604378
93.98372650146484,3142,3127,3959,4022,2463,2525,3990.766716104064,2494.1853996342875,140.65395615856494,130.30520344370996,-0.8991302524934781,2.6826948177091304e-07,2.549259786851411e-07,-1.8008216661127753e-09,11.863030433654785,11.411733627319336,-0.08602400124073029,0.0071099610067903996,0.007674629334360361,9.812011558096856e-05,2036404.0,2037138.5,2169.096435546875,2181.01904296875,3991,2496,3991,2495,0,16.46083714767493,23.27913914225674,15.325119710532016,2248711.8244931046,0.0,1124217.1710766598,0.0,0.7956125821713789
93.98372650146484,3214,3198,3430,3494,2463,2526,3461.594409562219,2494.9537344614223,141.8703353143959,132.61677624976107,-0.36879103724913875,2.6567444685548353e-07,2.5346394811296505e-07,-9.59540418486671e-10,11.91154956817627,11.515298843383789,-0.03976988419890404,0.007048740983009338,0.007540578488260508,3.92033725802321e-05,2091178.75,2091889.625,2145.412841796875,2156.870361328125,3463,2495,3462,2495,0,16.56765256649707,23.430198956225574,15.383116916270279,2303415.0661071786,0.0,1151735.3144091798,0.0,0.8169958528415066
93.98372650146484,3231,3224,2896,2960,2465,2528,2927.8096582394255,2496.682585640415,141.93425249033692,133.23153815057844,-0.6274136060260389,2.5855287914402706e-07,2.483136465404287e-07,-1.3748966590829078e-09,11.915504455566406,11.540647506713867,-0.071600541472435,0.007045662496238947,0.007505886722356081,6.635882891714573e-05,2127463.5,2128199.0,2207.4248046875,2222.54443359375,2927,2497,2927,2497,0,16.588121974500773,23.459147070638156,15.393025233144666,2345858.1933400715,0.0,1173059.4449902347,0.0,0.8311766243505517
93.98372650146484,3268,3251,2366,2431,2465,2529,2398.3158713745693,2497.5440689185934,141.33764012471602,134.09284446975357,-0.46596554738243867,2.4220310039933173e-07,2.3915111588301463e-07,-1.1004366908504435e-09,11.889805793762207,11.578557968139648,-0.06396601349115372,0.00707533722743392,0.007457605097442865,4.9172846047440544e-05,2208070.75,2208802.5,2329.13134765625,2344.294677734375,2398,2498,2399,2498,0,16.596098475077497,23.470427545934037,15.380432072471965,2435858.8279195414,0.0,1217824.2892675786,0.0,0.8626566433905192
93.98372650146484,3223,3203,1837,1901,2469,2532,1868.8803915482688,2500.4110061024503,142.70544877625048,133.69514066838644,-1.1012188300223897,2.633290055765051e-07,2.5440217587462367e-07,-2.4739267592624738e-09,11.951488494873047,11.556924819946289,-0.11986725777387619,0.007007886189967394,0.007480178959667683,0.00011544497829163447,2099963.5,2100693.25,2099.732177734375,2118.219970703125,1868,2500,1868,2501,0,16.625299679844478,23.511724285753136,15.475909589192607,2314752.1390836346,0.0,1157017.1021557613,0.0,0.8204341437670959
93.98372650146484,5596,5564,1285,1383,2464,2538,1333.4344377299158,2502.0497756657724,241.78147142349417,160.9115274843898,-0.020324776244251552,3.408328679763304e-07,1.9862432961238676e-07,4.6375081151562444e-10,15.549324035644531,12.685091018676758,-0.0002513266808819026,0.0041359663009643555,0.006214595399796963,1.0448299008203321e-06,3642313.25,3642769.0,3142.003173828125,3157.489013671875,1333,2503,1332,2502,0,20.06721203625167,28.37932342068373,17.336917535729174,3996509.639493027,0.0,2003487.3726025396,0.0,1.422697990511618
93.98372650146484,5353,5321,759,854,2466,2539,805.7227997006302,2503.4011465674625,235.88021360324547,159.82211609353112,-0.5237158410800475,3.588665403614613e-07,2.1449797252251318e-07,-6.922795995443341e-10,15.35851001739502,12.641934394836426,-0.006885298993438482,0.004239470697939396,0.006257001776248217,2.7784364647231996e-05,3376422.25,3376850.0,2877.6494140625,2902.365966796875,805,2505,803,2504,0,19.89226808829945,28.1319153168346,17.454064639111017,3752553.253044205,0.0,1880536.0169189454,0.0,1.3188422623721563
93.98372650146484,5010,4969,228,325,2472,2541,275.88353967703324,2506.692344859431,237.58997913286794,146.75641066708363,-0.7378225325014682,3.974386626209831e-07,1.9985535880056177e-07,-6.598682059040383e-10,15.414148330688477,12.114058494567871,-0.008122080937027931,0.00420899735763669,0.006814118940383196,4.23217388743069e-05,3133442.5,3133961.0,2751.30419921875,2772.54736328125,276,2507,277,2507,0,19.604754265227392,27.725309368876356,17.306903060642995,3500986.62920326,0.0,1753824.5885644525,0.0,1.2239809927672551
93.98372650146484,3288,3278,7676,7740,2978,3041,7707.626000462824,3009.194197649718,142.66472492200353,133.94081802065318,-0.513061398569107,2.3999647402349823e-07,2.329828059303007e-07,-1.878394327394033e-09,11.9454927444458,11.571981430053711,-0.058541979640722275,0.007009537890553474,0.0074660866521298885,5.370018334360793e-05,2241214.75,2241931.25,2307.37451171875,2319.517822265625,7708,3010,7708,3010,0,16.631462441488924,23.520439746852382,15.368948701047623,2463589.1400638577,0.0,1231451.7770605464,0.0,0.8755952090951141
93.98372650146484,3213,3203,6615,6679,2981,3044,6647.114672643292,3012.874686723585,141.63960521394165,132.11189849869686,-0.6876951260114765,2.597023398690499e-07,2.4862765117007254e-07,-1.7231663357383802e-09,11.903318405151367,11.491846084594727,-0.07168325781822205,0.007060350850224495,0.007569532375782728,7.350388477789238e-05,2112686.25,2113402.75,2200.05224609375,2215.35546875,6648,3013,6648,3012,0,16.54543754974883,23.398782178251864,15.353286878342786,2326472.506181105,0.0,1163213.7737597658,0.0,0.8253978897829446
93.98372650146484,3154,3137,7146,7210,2981,3044,7178.129636488021,3012.133481841505,141.98227649142427,128.04402519222947,-1.1364398365789157,2.7331104374364985e-07,2.586934004022102e-07,-1.8676989063659854e-09,11.919493675231934,11.311585426330566,-0.08082251250743866,0.00704363314434886,0.0078103686682879925,0.00012502989557106048,2028628.625,2029383.125,2177.29296875,2205.6572265625,7178,3012,7179,3012,0,16.43247704041158,23.239031893934555,15.244333890151156,2238232.2705172715,0.0,1119215.5316821283,0.0,0.7925836894724008
93.98372650146484,3131,3118,6083,6146,2985,3046,6114.6080486716955,3015.7717625856303,141.17992117028803,129.94637705610364,-0.842078048966755,2.695670857319479e-07,2.5344185873630106e-07,-6.500247849490819e-10,11.884556770324707,11.396648406982422,-0.07440686225891113,0.007083434145897627,0.007695779204368591,9.180408960673958e-05,2029692.5,2030456.875,2071.569091796875,2094.791259765625,6115,3017,6115,3018,0,16.465913221755777,23.286317795065482,15.351648043216773,2244309.4695594776,0.0,1122121.0840673826,0.0,0.7930030468259172
93.98372650146484,3150,3130,5026,5089,2986,3048,5057.392368586253,3017.2734541385316,140.48764064403724,129.3376652270307,-1.380609795874193,2.6796458179784275e-07,2.5329181820809206e-07,-2.2476523563435134e-09,11.85984992980957,11.365265846252441,-0.1213798075914383,0.007118810433894396,0.007732511032372713,0.0001519789220765233,2045522.625,2046256.0,2134.027587890625,2159.13330078125,5059,3017,5059,3016,0,16.4263600919701,23.230381222488276,15.216612810800731,2248691.367427902,0.0,1124247.77861084,0.0,0.7991734582325537
93.98372650146484,3258,3251,5554,5618,2986,3049,5586.061055944435,3017.1952049301412,140.7910836325509,132.70403465909567,-0.04709813896727155,2.3445616695892548e-07,2.2825030198251373e-07,-8.484764641341141e-10,11.865553855895996,11.5197114944458,-0.005823633633553982,0.007102723233401775,0.007535566575825214,5.041671101935208e-06,2245234.75,2245977.25,2368.569091796875,2388.85400390625,5585,3018,5584,3017,0,16.53768781576332,23.387822399344774,15.270951554827382,2468921.0458704354,0.0,1235198.7365722652,0.0,0.8771753905641038
93.98372650146484,3358,3344,4491,4556,2987,3052,4523.543641726338,3019.463828435129,143.39997981226816,134.04919936299325,-0.6627931936468485,2.1349708641502866e-07,2.067460437998342e-07,-1.7560557475162795e-09,11.976924896240234,11.575942993164062,-0.07041188329458237,0.00697366101667285,0.007460118271410465,6.896117702126503e-05,2428417.25,2429140.5,2510.55322265625,2527.963134765625,4522,3019,4522,3019,0,16.656805791485397,23.55628065613336,15.329845052915523,2659351.432624969,0.0,1329912.0693896497,0.0,0.9487105298250827
93.98372650146484,3177,3168,3963,4026,2991,3053,3994.4433922626476,3021.728678435232,139.78667646475662,132.16326256769685,-0.5273888446763522,2.5723622802948227e-07,2.511215188749388e-07,-1.6796191926199074e-09,11.824677467346191,11.494648933410645,-0.06874369084835052,0.0071538654156029224,0.007566513027995825,5.7094061048701406e-05,2088717.375,2089460.625,2164.28955078125,2186.11083984375,3995,3023,3996,3023,0,16.49090473662538,23.321661134338328,15.337770697191761,2310195.9369862373,0.0,1155122.1261816407,0.0,0.816047197184518
93.98372650146484,3244,3231,3434,3498,2990,3054,3465.4056285211404,3022.0066363833475,139.75022780257154,133.66114319743133,-0.5769524986787928,2.467014409501796e-07,2.424167204779301e-07,-8.815141000911661e-10,11.823891639709473,11.558847427368164,-0.09364151954650879,0.0071557508781552315,0.007481739390641451,6.177604518597946e-05,2174470.25,2175197.0,2321.4951171875,2345.91845703125,3466,3022,3467,3021,0,16.53515560858146,23.384241317605447,15.258199692556204,2387228.431622008,0.0,1194042.0275439455,0.0,0.8495318810681929
93.98372650146484,3228,3214,2901,2965,2994,3057,2932.4453734649096,3025.0771922337467,141.27947789514144,132.91002144732624,-0.3172802402201569,2.447403300596139e-07,2.38963942145863e-07,-2.1750203633566445e-09,11.88661003112793,11.5281400680542,-0.03783690929412842,0.00707820663228631,0.0075239273719489574,3.379391637281515e-05,2175757.25,2176516.0,2306.40966796875,2321.12353515625,2932,3026,2932,3026,0,16.558668404870836,23.417493433007202,15.364518402123702,2395893.7497459427,0.0,1197909.82581543,0.0,0.8500470217892995
93.98372650146484,3257,3245,2371,2435,2995,3059,2403.0730278434485,3027.023169817343,141.43217947399216,134.66548336510004,-0.6539698328010672,2.5117012076039313e-07,2.4773544163221835e-07,-9.855629779716656e-10,11.895158767700195,11.601847648620605,-0.09546805173158646,0.007070685271173716,0.0074259745888412,6.867409683763981e-05,2161517.75,2162213.0,2190.711181640625,2208.572021484375,2404,3028,2404,3028,0,16.61618677191287,23.498836687763596,15.415067301255887,2385770.9380659475,0.0,1192889.0854980468,0.0,0.8444609279803625
93.98372650146484,3316,3302,1840,1905,2996,3061,1872.272276228367,3028.2919238712293,142.93984428564227,136.2688316581814,-0.3555042946038611,2.490714192461384e-07,2.484921204227515e-07,-1.2983789616997785e-09,11.956535339355469,11.672615051269531,-0.05309047922492027,0.006995995528995991,0.007338482886552811,3.650293729151599e-05,2203696.25,2204399.5,2248.770751953125,2273.440673828125,1873,3030,1872,3029,0,16.70953847189753,23.63085592795249,15.460207210096291,2427342.2318198383,0.0,1213952.8093627926,0.0,0.8609370341448539
93.98372650146484,5047,5021,1289,1387,2995,3064,1337.885149771713,3030.0067379551183,239.73722183298787,148.19443231808873,0.22697815483479644,4.016959117104064e-07,2.0417193287377386e-07,1.2706970001873982e-09,15.483468055725098,12.173490524291992,0.002479455666616559,0.004171239677816629,0.006747901439666748,-1.2777541996911168e-05,3130118.25,3130637.75,2724.771484375,2740.179931640625,1337,3030,1337,3030,0,19.69598065979647,27.85432297332235,17.38571823943709,3494034.715237124,0.0,1750986.6025024417,0.0,1.2226830841990841
93.98372650146484,5499,5466,757,858,2995,3068,808.6069051485963,3031.4920378576003,248.8354767191354,157.994218353959,-1.9396375982951213,3.737303365738125e-07,2.023213789155935e-07,-4.214094279215454e-09,15.775832176208496,12.567928314208984,-0.02133898064494133,0.004019103944301605,0.0063299513421952724,9.868216147879139e-05,3482915.25,3483378.5,2972.070068359375,2989.33251953125,809,3032,809,3031,0,20.170019709288695,28.524715426208704,17.63278701373109,3887668.4090001686,0.0,1949522.6365966795,0.0,1.360447393765944
93.98372650146484,5562,5532,231,329,2997,3073,279.8234102352301,3034.7865968364767,237.90419353347352,165.27252579186325,-0.6715409724006349,3.398660290426428e-07,2.1398024772670192e-07,-4.628143946860123e-10,15.424344062805176,12.855594635009766,-0.009244789369404316,0.00420342106372118,0.006050681695342064,3.415896571823396e-05,3556683.5,3557128.75,946.9049682617188,3396.169921875,282,3054,322,3039,0,20.079260925774552,28.39636312365852,17.535509033539913,3951753.7262590006,0.0,1980755.8876562505,0.0,1.3892508486308366
93.98372650146484,3182,3168,7679,7743,3511,3573,7710.8068540144495,3542.2390505689095,140.4135135680864,132.17172139227296,-0.2127666644311148,2.643182630956902e-07,2.5471019820781065e-07,-2.108205552909734e-10,11.849852561950684,11.496356964111328,-0.02579267881810665,0.007121839094907045,0.007565933279693127,2.2929109036340378e-05,2070458.625,2071181.25,2114.8623046875,2130.853759765625,7711,3542,7711,3541,0,16.510155509878135,23.34888583895854,15.375038296121392,2291305.53179878,0.0,1145453.639345703,0.0,0.808908114228583
93.98372650146484,3134,3128,7150,7213,3513,3575,7181.418387408471,3544.071159964882,140.301931951578,129.9964448513191,-1.0595934183672853,2.711260436374765e-07,2.5582833998064153e-07,-2.7289551508289733e-09,11.849461555480957,11.396869659423828,-0.10140479356050491,0.007127924356609583,0.007692991755902767,0.00011619859287748113,2024166.125,2024911.125,2155.2236328125,2172.22900390625,7181,3544,7181,3543,0,16.440753535130227,23.250736625014575,15.280755625316875,2231059.299436343,0.0,1115658.8278295903,0.0,0.7908371320009915
93.98372650146484,3128,3113,6621,6684,3515,3577,6652.372753043156,3546.0660055234357,138.15215205820493,130.52002462060523,-1.0612524764937916,2.673356683265361e-07,2.594714915843355e-07,-2.5210789136188267e-09,11.759973526000977,11.418196678161621,-0.13562360405921936,0.0072388481348752975,0.007662137970328331,0.00011771749996114522,2020279.375,2021019.5,2140.50439453125,2161.572021484375,6653,3548,6652,3548,0,16.39122254985302,23.180689233877846,15.265619932570692,2233125.5124500287,0.0,1116949.5853125,0.0,0.7893172423051791
93.98372650146484,3097,3078,6088,6151,3517,3579,6119.143138504907,3547.861299200787,139.00275313809686,130.67814798420716,-0.8705457626747375,2.9201689477743087e-07,2.831538093408368e-07,-2.2980071759672073e-09,11.79376220703125,11.42751407623291,-0.10308899730443954,0.007194402161985636,0.007652708329260349,9.585468797013164e-05,1914294.75,1915007.875,2042.69482421875,2059.388427734375,6119,3548,6119,3548,0,16.421963984928965,23.22416418828906,15.368229530305712,2123109.3074456,0.0,1062163.4772875977,0.0,0.7479139785082237
93.98372650146484,3133,3128,5559,5622,3518,3580,5590.305859728453,3548.7853469381207,140.55060455073624,130.80599439879813,-0.5489689366481798,2.771139603898086e-07,2.6344873429315493e-07,-1.6044450820966495e-09,11.856703758239746,11.435696601867676,-0.0560990571975708,0.007114991545677185,0.007645034696906805,5.972064900561236e-05,1997674.0,1998396.5,2067.161376953125,2075.547607421875,5591,3549,5591,3549,0,16.472904994248417,23.2962056545496,15.37436590982818,2209463.1504347995,0.0,1105549.9280859376,0.0,0.7804817392471086
93.98372650146484,3139,3128,5029,5092,3520,3582,5060.465236156928,3550.78224810206,140.35442273405465,130.379888259253,-0.4180269356356803,2.7063463920998204e-07,2.577253677514327e-07,-1.252756584616105e-09,11.847865104675293,11.417635917663574,-0.041811682283878326,0.0071248882450163364,0.007669968064874411,4.568795338855125e-05,2024502.625,2025223.75,2120.963623046875,2132.361328125,5062,3552,5062,3552,0,16.45400592540636,23.269478335076943,15.33774937647811,2240093.7033830257,0.0,1119742.4246069333,0.0,0.7909592289440817
93.98372650146484,3189,3175,4496,4560,3521,3583,4527.936681322904,3552.4080749974996,141.97304451488992,131.3506899563139,-1.0441684849829471,2.6551607097687547e-07,2.5411381331262155e-07,-2.4199397477700296e-09,11.919509887695312,11.456396102905273,-0.09706129133701324,0.007044002413749695,0.007613652385771275,0.00011199218715773895,2074132.125,2074867.25,2092.27294921875,2122.337890625,4528,3554,4527,3550,0,16.532505390024944,23.38049334257957,15.374661756846786,2290974.771490936,0.0,1145892.016694336,0.0,0.8103476962589082
93.98372650146484,3208,3196,3968,4032,3522,3584,3999.8434973673793,3553.104720939688,141.25524584286848,131.84415202654827,-0.735655293730133,2.542843229489164e-07,2.4272964257038556e-07,-1.9574802235335686e-09,11.887489318847656,11.479851722717285,-0.07754126936197281,0.0070795887149870396,0.007584933191537857,7.900444325059652e-05,2133145.5,2133883.0,2211.40380859375,2235.3076171875,4000,3553,4000,3553,0,16.52571928447947,23.370896340081472,15.341520141344548,2354008.9877956402,0.0,1176966.224245605,0.0,0.8333965332654645
93.98372650146484,3166,3149,2905,2968,3525,3587,2936.6765781684308,3555.7124697423446,140.45865909114332,131.41195863634357,-0.12104794890603898,2.675161213823586e-07,2.577861654590285e-07,-5.878551966425231e-10,11.851593971252441,11.463435173034668,-0.01337714958935976,0.007119538262486458,0.0076096635311841965,1.3116089576215018e-05,2047655.375,2048387.0,2123.075439453125,2140.072509765625,2937,3557,2938,3557,0,16.488499559616905,23.318259700393032,15.369499116485809,2271005.677112963,0.0,1136153.401269532,0.0,0.8000057287986478
93.98372650146484,3191,3182,3438,3502,3524,3587,3469.8515589551184,3555.06030206262,140.554483513268,130.9777428992537,-0.9640379427862626,2.5632724469001615e-07,2.461987238268532e-07,-1.4958687255574469e-09,11.859619140625,11.440352439880371,-0.09933657199144363,0.007115038111805916,0.007635270245373249,0.00010473789734533057,2110216.75,2110951.25,2257.791015625,2274.556396484375,3470,3555,3471,3555,0,16.478234930128945,23.303743322158425,15.296909033001546,2329275.2604753864,0.0,1164562.6242504884,0.0,0.8244404466610394
93.98372650146484,3211,3194,2375,2439,3527,3590,2406.9518645493686,3558.2059613869123,141.34765685634852,132.7763962296509,-0.7445883065378212,2.58119910395742e-07,2.4899943811035743e-07,-1.6272126036018988e-09,11.891672134399414,11.5200777053833,-0.08601175248622894,0.007074963767081499,0.007531681563705206,7.935048051876947e-05,2113820.75,2114550.5,2112.895263671875,2124.704345703125,2406,3560,2405,3560,0,16.55669209371242,23.414698506963504,15.387284058202837,2335749.980477372,0.0,1167916.6353100582,0.0,0.8258461481321866
93.98372650146484,3207,3190,1845,1909,3529,3592,1877.3221900789833,3560.5750237048055,141.1775349595739,132.7044390447636,-0.8761037739473068,2.542867603192891e-07,2.4769749596967987e-07,-2.473809602840429e-09,11.885586738586426,11.515850067138672,-0.10196106880903244,0.007083570118993521,0.007535851560533047,9.353029599878937e-05,2121969.5,2122715.5,2210.099609375,2228.85107421875,1877,3561,1877,3561,0,16.54937986766687,23.404357457718746,15.350481703321737,2334222.5317011257,0.0,1167086.0675219733,0.0,0.829035021511895
93.98372650146484,5827,5793,1291,1394,3525,3602,1342.033616173429,3562.224733491617,251.95616569337471,166.42623009893987,1.531958263561819,3.5734720607966825e-07,2.085180000346031e-07,4.213043453488618e-09,15.873991012573242,12.899565696716309,0.017903713509440422,0.003969166427850723,0.006009004544466734,-7.307258783839643e-05,3704885.0,3705292.0,3119.3515625,3135.688720703125,1342,3562,1342,3562,0,20.45439795721973,28.92688700127667,17.696248482957294,4118479.5470480355,0.0,2065644.4115527344,0.0,1.4471165980216627
93.98372650146484,5660,5622,236,335,3528,3603,285.6628502826065,3566.040602321506,243.7880469591414,162.35606613182176,-0.35317731387067397,3.309703840361636e-07,1.9302726747098413e-07,3.966785316581935e-10,15.613762855529785,12.741842269897461,-0.004336975049227476,0.0041019367054104805,0.006159320939332247,1.784609594324138e-05,3738741.0,3739190.5,3212.766357421875,3242.43505859375,286,3567,286,3566,0,20.153017468631422,28.500670626880456,17.487777098678528,4141175.350528414,0.0,2076401.476201172,0.0,1.460355792664902
93.98372650146484,5572,5527,766,863,3526,3603,814.3095632387008,3564.4035986216813,232.97141724206995,167.3051819834816,0.16949970578275497,3.2866046722788705e-07,2.1656138330274891e-07,1.1352148521290787e-09,15.263415336608887,12.934633255004883,0.0025812077801674604,0.004292375408113003,0.005977105349302292,-8.697355951881036e-06,3582234.0,3582702.75,3062.94775390625,3087.652587890625,814,3565,813,3564,0,20.006913785627997,28.294048816864354,17.542510063570944,3998051.800244521,0.0,2003998.4849609376,0.0,1.399238876531959
93.98372650146484,3106,3089,7684,7747,4039,4100,7715.762232987119,4069.8436747120013,139.88169197190928,128.7708263494436,-0.46796332901249116,2.695333303416667e-07,2.5181305560327147e-07,-9.456649811811898e-10,11.827990531921387,11.346856117248535,-0.04201843589544296,0.007148985285311937,0.0077658286318182945,5.1959952543256804e-05,2016840.125,2017588.75,2095.40625,2103.6689453125,7715,4070,7715,4070,0,16.390622877772305,23.179841169488324,15.28674291037335,2231549.600737073,0.0,1116568.7430590815,0.0,0.7879773491824069
93.98372650146484,3140,3127,7155,7218,4040,4102,7186.487692404789,4070.9967791136546,140.55700774088814,130.2990306633494,-0.6246882206307873,2.735985403366363e-07,2.592317448134314e-07,-1.5718184989088528e-09,11.857272148132324,11.413199424743652,-0.060599327087402344,0.007114702370017767,0.007674817927181721,6.821955321356654e-05,2016749.125,2017476.75,2075.40966796875,2092.127685546875,7187,4071,7187,4071,0,16.45770453022649,23.27470895217543,15.30900829635418,2226043.1446676627,0.0,1112907.182932129,0.0,0.7879336071348224
93.98372650146484,3106,3087,6626,6689,4042,4104,6657.208153519658,4073.153675749682,138.88624514199114,128.7851876410282,-0.7942480440085546,2.721801284691388e-07,2.5786545226498937e-07,-1.6463286530819604e-09,11.787633895874023,11.345621109008789,-0.07799144089221954,0.007200391031801701,0.007765141781419516,8.881295070750639e-05,2000064.875,2000798.125,2147.55224609375,2173.04931640625,6657,4072,6657,4072,0,16.36066724748778,23.13747751087051,15.230299502871647,2207844.029705657,0.0,1104058.4123876954,0.0,0.7814197034884488
93.98372650146484,3124,3115,5562,5625,4046,4107,5593.4379057234155,4076.3828037636836,140.41600614185393,130.30865830614562,-0.5118921021791039,2.768073692355558e-07,2.6260097371718006e-07,-5.19362618699384e-10,11.85081672668457,11.414149284362793,-0.050473395735025406,0.007121797185391188,0.0076741972006857395,5.5953176342882216e-05,1994054.625,1994823.125,2105.20654296875,2122.447998046875,5593,4078,5593,4078,0,16.45371278611607,23.269063773516955,15.344746762488048,2202658.250366902,0.0,1101179.4555493165,0.0,0.7790861433606155
93.98372650146484,3141,3122,6091,6155,4045,4107,6122.897373719916,4075.728998295481,139.9621081603624,131.38975396603666,-0.48108207369045886,2.7192057544917594e-07,2.621104802527085e-07,-6.396051538745332e-10,11.831695556640625,11.461362838745117,-0.05588627979159355,0.007144880946725607,0.007611039560288191,5.232179682934657e-05,2014977.25,2015710.0,2117.35205078125,2135.462890625,6124,4078,6123,4078,0,16.472761217427973,23.296002323420172,15.371879407807493,2230678.727036588,0.0,1116329.366098633,0.0,0.7872435958618769
93.98372650146484,3171,3159,5034,5097,4047,4109,5065.605407914808,4077.5827861482476,139.6874349493189,131.9844560474612,-0.5125224041718184,2.5982933299506273e-07,2.5244771596076934e-07,-1.8388328900080183e-09,11.820380210876465,11.486970901489258,-0.06614699214696884,0.007158942054957151,0.007576757576316595,5.5599248298676684e-05,2076828.25,2077565.625,2180.170654296875,2206.057861328125,5067,4078,5068,4078,0,16.482472235583476,23.30973577700014,15.330916169656657,2294832.3197184005,0.0,1147943.2436157225,0.0,0.8114015573986475
93.98372650146484,3203,3190,3971,4035,4049,4112,4002.9477118887294,4080.7180326413086,141.3033696512274,132.16728316593242,-0.5901017159342246,2.6794454690675335e-07,2.582758452124489e-07,-1.982635944869295e-09,11.88870620727539,11.494751930236816,-0.06423448026180267,0.0070771039463579655,0.007566309999674559,6.319583917502314e-05,2070040.25,2070749.0,2186.69677734375,2200.017578125,4003,4081,4002,4080,0,16.53694811073554,23.386776298462333,15.389692246404206,2290389.490000685,0.0,1145396.4018286131,0.0,0.8087392972636867
93.98372650146484,3170,3153,4501,4565,4050,4112,4532.834563022011,4080.5466383677594,140.03679441237125,131.58767614667568,-0.5071814175223608,2.5735390324107445e-07,2.484993259474796e-07,-1.0348763937345806e-09,11.834996223449707,11.469844818115234,-0.059741802513599396,0.007141080219298601,0.007599601987749338,5.504805812961422e-05,2089273.0,2090017.625,2162.48388671875,2184.853515625,4532,4081,4532,4081,0,16.481033661729075,23.307701326344773,15.330474113483982,2311564.8295672606,0.0,1155638.9892651367,0.0,0.8162647357604516
93.98372650146484,3192,3171,3442,3506,4051,4114,3473.973746984634,4082.0618637968437,141.29146975050242,132.59778899203434,-0.26948736699375786,2.6145801471301434e-07,2.5236517732841384e-07,-1.0946817016194884e-09,11.88696002960205,11.514748573303223,-0.030958453193306923,0.0070775956846773624,0.00754163321107626,2.876854341593571e-05,2087412.375,2088141.875,2129.898193359375,2138.974365234375,3474,4083,3474,4083,0,16.549599957175303,23.404668711286504,15.409826421760073,2309398.369005128,0.0,1155092.3644360355,0.0,0.8155321541019105
93.98372650146484,3218,3202,2909,2973,4053,4116,2940.9853508778983,4084.622187972463,141.34260520147393,131.99101042991163,-0.16633416086779107,2.556760897087058e-07,2.470057975953466e-07,-1.0398716249435345e-09,11.888883590698242,11.488605499267578,-0.017779218032956123,0.007075018249452114,0.007576284930109978,1.783177867764607e-05,2127733.5,2128445.5,2272.141845703125,2295.292724609375,2940,4084,2940,4084,0,16.5328042276979,23.380915962869615,15.341698399702151,2346808.738205567,0.0,1173321.718229981,0.0,0.8312728959106372
93.98372650146484,3250,3231,2380,2444,4054,4118,2411.752416043923,4086.0895774714795,140.7137848932266,133.274158172361,-0.7736660003176894,2.429306533616933e-07,2.3779616173483877e-07,-1.192736080582527e-09,11.865638732910156,11.540994644165039,-0.10253084450960159,0.0071068513207137585,0.007503569591790438,8.251155668403953e-05,2197253.25,2197962.75,2227.390380859375,2246.158447265625,2411,4086,2410,4085,0,16.55258116021751,23.408884769060982,15.319331820553165,2421570.540474927,0.0,1210862.9804345714,0.0,0.8584231357092338
93.98372650146484,3218,3195,1850,1915,4057,4120,1882.4127882796804,4088.0509131090275,142.723239158968,133.10601114082294,-0.5138753715593793,2.629766101566719e-07,2.5542316078586835e-07,-6.178377070497899e-10,11.947829246520996,11.535971641540527,-0.05323077365756035,0.007006664760410786,0.0075129130855202675,5.410052472143434e-05,2095196.875,2095913.875,2185.6298828125,2207.119873046875,1882,4088,1883,4088,0,16.608107968693812,23.487411534683464,15.452225084966134,2313973.398995056,0.0,1157445.3736987305,0.0,0.818567539761077
93.98372650146484,5863,5841,1293,1397,4052,4128,1346.7263782297805,4089.9259102813276,261.55249786786817,164.79884401648565,-0.8060736996303604,3.8895750346281976e-07,2.1239418346357432e-07,-1.4931669415719117e-09,16.172792434692383,12.837139129638672,-0.00833042524755001,0.0038233818486332893,0.006068095099180937,3.740229658433236e-05,3630554.75,3630998.5,3043.79296875,3065.46240234375,1347,4090,1346,4090,0,20.648276971320243,29.20107333247714,17.76168951324607,4011706.7037034594,0.0,2011723.515341798,0.0,1.4181009746982856
93.98372650146484,5545,5506,770,871,4056,4129,818.9526233005274,4092.278910057847,251.9937903605978,157.88608061292052,-0.003350869567157133,3.883385923039058e-07,2.0742610553759522e-07,1.7668471077429706e-09,15.874312400817871,12.565272331237793,-3.5606750316219404e-05,0.003968351986259222,0.006333680357784033,1.6844333572407777e-07,3458316.25,3458747.5,2988.7578125,3004.60595703125,818,4092,818,4092,0,20.245490139127735,28.6314467316452,17.610707171591937,3848082.1847494524,0.0,1929113.6136621092,0.0,1.350827658283323
93.98372650146484,5403,5373,239,337,4058,4132,288.6452049113159,4095.1873147393967,236.79314013473459,158.78870567019567,-1.0639839542143363,3.5662884802349165e-07,2.0714860892692007e-07,-1.6586757894511747e-09,15.388555526733398,12.600563049316406,-0.013636662624776363,0.004223222378641367,0.006297866813838482,5.6596480135340244e-05,3442221.0,3442695.0,2977.440673828125,2993.11279296875,289,4096,287,4095,0,19.889239447624192,28.127632172116098,17.43849522324532,3841566.103472902,0.0,1925238.4567382818,0.0,1.3445582902578765
93.98372650146484,3210,3190,7689,7753,4567,4630,7721.135647699372,4598.174840183182,139.64353875136112,131.63265741514658,0.5385426796374304,2.4150798820599175e-07,2.3349529035693755e-07,1.460513628346544e-10,11.818612098693848,11.471556663513184,0.06682563573122025,0.007161203306168318,0.007597018964588642,-5.8596608141670004e-05,2183245.5,2183969.25,2311.750244140625,2331.578857421875,7722,4599,7722,4598,0,16.470464357950195,23.292754073595837,15.248071421592035,2399973.4948846437,0.0,1199987.9886669922,0.0,0.8529579183621485
93.98372650146484,3206,3194,7158,7222,4569,4631,7189.823203681258,4600.320720957025,141.2907025157673,131.89031601490115,-0.2939424258404415,2.567196040814517e-07,2.4462010666959415e-07,-9.358898662932841e-10,11.886962890625,11.483951568603516,-0.03122851625084877,0.007077639456838369,0.007582093123346567,3.154770456603728e-05,2122640.5,2123368.0,2248.466064453125,2269.819091796875,7189,4601,7189,4602,0,16.528188604038508,23.374388485291693,15.332590083567815,2338772.50151856,0.0,1169594.0295532227,0.0,0.8292898579944743
93.98372650146484,3165,3160,6629,6693,4570,4632,6660.587831312867,4601.209372854299,140.94662069581204,130.4461895305053,-0.10858691466421533,2.610434118851518e-07,2.485288870179812e-07,-8.689618790422895e-10,11.87214183807373,11.421255111694336,-0.010339711792767048,0.00709488894790411,0.007666001096367836,1.1811952390416991e-05,2078492.5,2079239.0,2191.099365234375,2199.879638671875,6660,4602,6660,4602,0,16.474004073883112,23.297759987875114,15.305059308841805,2288495.6647082497,0.0,1144722.8049316406,0.0,0.8120551006921894
93.98372650146484,3180,3165,6096,6159,4573,4635,6127.527136868461,4603.948793874951,140.51623436870454,131.519234304095,-0.7947701754080754,2.6240379056957646e-07,2.527691589323611e-07,-1.02929327085191e-09,11.856892585754395,11.4651460647583,-0.08743496239185333,0.007116858847439289,0.007603710517287254,8.60142899909988e-05,2076820.25,2077548.5,2198.75048828125,2216.483154296875,6128,4604,6128,4604,0,16.493497769509037,23.32532823661007,15.335087310843448,2292202.6380541255,0.0,1146253.8514794922,0.0,0.811394869161461
93.98372650146484,3168,3155,5567,5630,4573,4636,5598.413159851537,4604.591577907768,139.05821989578783,131.68616365609205,-0.36262019759317354,2.5965155747525214e-07,2.5146428040133593e-07,-8.911496617150307e-10,11.793049812316895,11.47468376159668,-0.04903070628643036,0.007191284094005823,0.007593866903334856,3.9604841731488705e-05,2077272.0,2078016.625,2161.3701171875,2178.394775390625,5598,4605,5598,4603,0,16.454312004817456,23.26991119673128,15.280011403927443,2293345.4188523088,0.0,1146701.2620751949,0.0,0.8115776972509743
93.98372650146484,3224,3211,5038,5102,4575,4638,5069.672408537521,4606.33104665375,140.4303100251144,134.13791308161103,-1.3146924369879116,2.6167587164226967e-07,2.573264426392658e-07,-3.3267379012867305e-09,11.861448287963867,11.570405006408691,-0.1979067176580429,0.007121623493731022,0.007455697748810053,0.0001395987783325836,2097864.75,2098575.25,2215.965576171875,2235.591796875,5070,4607,5070,4607,0,16.57010027449217,23.43366053806897,15.399372001343606,2317749.953815917,0.0,1159133.0749023436,0.0,0.8196069504029535
93.98372650146484,3211,3199,4505,4568,4577,4640,4536.437074834952,4608.356564472174,140.81177464420728,132.27934575230427,-0.5381803462503285,2.5194206217308317e-07,2.468069072024556e-07,-1.9534407513606704e-09,11.867837905883789,11.499805450439453,-0.06274326890707016,0.007101789116859436,0.007559876888990402,5.778745617135428e-05,2131319.0,2132036.25,2225.46142578125,2247.488525390625,4537,4606,4537,4606,0,16.525468840444788,23.370542158731002,15.331657236783778,2351167.026575621,0.0,1175623.9050585944,0.0,0.8326752776728158
93.98372650146484,3238,3223,3447,3511,4578,4641,3478.5644893417216,4610.088955413548,141.2973738298516,132.4868707146336,-0.06438851750147023,2.4758337033688204e-07,2.3996656702158186e-07,-2.237805935474837e-09,11.886877059936523,11.510273933410645,-0.007307634223252535,0.007077273912727833,0.007547919172793627,6.879099601064809e-06,2173855.5,2174597.5,2273.697021484375,2287.330810546875,3478,4610,3478,4610,0,16.546426941925716,23.400181390086924,15.338029676396957,2398815.9543593596,0.0,1199652.2872631839,0.0,0.849297743947417
93.98372650146484,3238,3221,3976,4039,4577,4641,4007.456869604417,4608.7458531676,141.1362275414333,132.0151165440451,-0.5509426104900967,2.4741360945113703e-07,2.4383703063985977e-07,-9.404699164710482e-10,11.88147258758545,11.488340377807617,-0.060111720114946365,0.007085468620061874,0.007575013674795628,5.913999120821245e-05,2165590.25,2166310.25,2255.65771484375,2279.0849609375,4007,4609,4007,4608,0,16.527290887664513,23.37311892262042,15.296472700360221,2386852.371585082,0.0,1194182.8538769532,0.0,0.846061125341662
93.98372650146484,3157,3142,2913,2976,4581,4643,2944.472909434653,4612.08166133061,140.01001698978007,131.09880547785247,-1.1453465233838642,2.6708324131947323e-07,2.5697192592743697e-07,-2.3542931328497413e-09,11.838702201843262,11.443511009216309,-0.12580491602420807,0.00714285671710968,0.0076283798553049564,0.0001248073240276426,2044463.0,2045177.5,2163.677978515625,2176.876953125,2945,4612,2945,4612,0,16.465382548475226,23.28556730971494,15.295215007702714,2248264.635572892,0.0,1124867.5125292968,0.0,0.7987522457475549
93.98372650146484,3243,3233,2384,2448,4582,4645,2415.5623038515496,4613.505278536207,143.86176528272847,133.54662275563328,-0.6840336830338174,2.5816752614161037e-07,2.490956520792655e-07,-1.4586248643804654e-09,11.996121406555176,11.554283142089844,-0.06592877954244614,0.006951286457479,0.007488204166293144,7.120979717001319e-05,2134488.0,2135224.5,2142.21484375,2163.30615234375,2416,4614,2416,4612,0,16.655581287915524,23.554548946577675,15.485510771682495,2352981.73533638,0.0,1176444.5472875976,0.0,0.8339204614514877
93.98372650146484,3177,3159,1854,1918,4585,4648,1885.7842528613917,4616.218464793876,139.65134481311986,131.95707365704084,-0.2981821098433102,2.602676122383562e-07,2.5313975388390456e-07,-1.1105683364954902e-09,11.81790542602539,11.486754417419434,-0.03867645561695099,0.0071607246063649654,0.007578258402645588,3.236204065615311e-05,2078536.5,2079256.375,2117.893798828125,2133.023193359375,1887,4615,1887,4615,0,16.480546667819024,23.30701261295238,15.290381946752143,2296798.1692344686,0.0,1148570.388513183,0.0,0.8120618865678749
93.98372650146484,5760,5721,1299,1401,4581,4654,1351.6183028849932,4617.262518389944,258.85389603317117,161.25759136322245,1.19443176232312,3.8897197831249914e-07,2.0515001659591578e-07,3.3098237720875417e-09,16.089391708374023,12.698148727416992,0.012236050330102444,0.003863315097987652,0.006201470270752907,-5.7230998208979145e-05,3595605.75,3596059.25,3044.727783203125,3063.015625,1352,4618,1352,4618,0,20.496621365395654,28.98659991776868,17.66276223851207,3973808.2760824612,0.0,1992436.3082080078,0.0,1.4044553109834075
93.98372650146484,6084,6045,774,874,4579,4658,822.9703726533901,4619.302588229558,250.96164859846294,174.78022763457602,-1.0390806424200036,3.3206302704452645e-07,2.141332724652717e-07,-9.581173627831846e-10,15.842216491699219,13.219911575317383,-0.013636172749102116,0.003984770737588406,0.005721611902117729,4.7379478928633034e-05,3912619.25,3913041.5,3296.401123046875,3316.1484375,823,4619,823,4619,0,20.633513424355023,29.180194524130197,17.656011661647835,4289370.83020127,0.0,2150957.288583985,0.0,1.5282539954739287
93.98372650146484,5475,5442,243,344,4586,4659,292.58076931637453,4622.87516630776,248.54460418052895,156.80469624855778,-0.4002631020239278,3.6994561740303816e-07,1.998349694626417e-07,-1.048689838844563e-09,15.765353202819824,12.522098541259766,-0.004362909588962793,0.00402343925088644,0.006377386394888163,2.054063770629e-05,3488486.0,3488940.25,2961.306396484375,2993.597412109375,292,4624,292,4625,0,20.1332883660143,28.472769462385873,17.593586980850503,3898719.5257655308,0.0,1954098.3161914062,0.0,1.3626195574548103
93.98372650146484,3169,3153,7692,7755,5100,5163,7723.275076794933,5131.62303094314,140.91606294865983,131.28239258187398,-0.2916359923624441,2.594051967853895e-07,2.485697413793171e-07,-6.529889852016245e-10,11.87117862701416,11.457468032836914,-0.030235664919018745,0.0070964558981359005,0.007617202587425709,3.152870340272784e-05,2084386.0,2085118.5,2190.67822265625,2197.721435546875,7724,5132,7724,5132,0,16.498437972442538,23.332314738599504,15.37245102730475,2304895.6850248715,0.0,1152590.0125439456,0.0,0.814351362913377
93.98372650146484,3165,3152,7162,7225,5102,5165,7193.306497577284,5133.079969806487,140.49174267806893,131.32598199291124,-0.33663085531327397,2.6664692649062704e-07,2.5831824971614603e-07,-1.986562894340296e-09,11.853442192077637,11.459216117858887,-0.03666115552186966,0.007117899600416422,0.007614686153829098,3.649094651336782e-05,2047649.125,2048389.5,2191.86474609375,2208.5400390625,7193,5133,7193,5133,0,16.486895543763847,23.315991279419375,15.3345337436253,2264191.1124219513,0.0,1132806.025048828,0.0,0.8000067051836386
93.98372650146484,3169,3150,6632,6696,5105,5167,6664.0365307763805,5136.099890205747,140.8633727605502,132.47693395971646,-0.6713853062415183,2.7918817433722594e-07,2.6921672858329395e-07,-1.983573304345388e-09,11.870837211608887,11.50754165649414,-0.07938230037689209,0.007099248934537172,0.007548666093498468,7.195715443231165e-05,2006056.0,2006738.5,2117.09228515625,2134.595458984375,6664,5137,6663,5136,0,16.533006584413698,23.38120213848153,15.395617742276464,2214944.2405936415,0.0,1107880.231899414,0.0,0.7837397406841604
93.98372650146484,3225,3205,6099,6163,5105,5168,6130.8262139889575,5136.090167084619,141.3151214382541,132.87895008516807,-1.0895505519443986,2.4860630794263237e-07,2.3818519389424476e-07,-2.0661578699594053e-09,11.893424987792969,11.521306991577148,-0.12638963758945465,0.007076831068843603,0.007526122033596039,0.00011605397594394162,2166941.0,2167652.75,2182.37890625,2202.3857421875,6131,5138,6131,5138,0,16.558806464338613,23.41768867857894,15.34104010526734,2383070.051653439,0.0,1191994.4322070319,0.0,0.8465854440816815
93.98372650146484,3175,3170,5570,5633,5108,5170,5601.521211396531,5138.837882269057,140.08607474665678,131.61613123109737,-0.6286636132628018,2.604088525663148e-07,2.503263956867941e-07,-2.0796261319552566e-09,11.837756156921387,11.47038459777832,-0.07368478178977966,0.007138621062040329,0.007598015945404768,6.819515692768618e-05,2082671.125,2083404.75,2197.049072265625,2214.037353515625,5602,5140,5601,5138,0,16.48339182261206,23.311036269447747,15.31782405668083,2302036.214410019,0.0,1151063.357158203,0.0,0.8136820510022348
93.98372650146484,3133,3124,4509,4572,5110,5171,4540.542596093112,5140.5080530406585,140.36982042751265,130.753193655882,-0.24563727703457516,2.798752994833142e-07,2.6638531238013725e-07,-1.2746513739502019e-09,11.848041534423828,11.434462547302246,-0.025520792230963707,0.007124061696231365,0.007648021914064884,2.6766996597871184e-05,1987395.375,1988131.75,2076.714111328125,2094.17578125,4540,5142,4540,5142,0,16.465813495949558,23.28617676147781,15.368796177952646,2203092.0779895806,0.0,1102224.259082032,0.0,0.77647280011369
93.98372650146484,3230,3219,5041,5105,5109,5172,5073.209816131991,5140.350050442066,140.98271511344365,133.3646427812114,-0.5910722438728726,2.5363714153688616e-07,2.489662621172784e-07,-1.3031681816576806e-09,11.875534057617188,11.54638671875,-0.07697424292564392,0.007093199994415045,0.007498378399759531,6.287413998506963e-05,2135718.0,2136445.5,2272.129638671875,2286.567138671875,5074,5140,5074,5140,0,16.56343436291686,23.42423351551359,15.361580184288036,2352180.8877684814,0.0,1176349.2496484374,0.0,0.8343973278809579
93.98372650146484,3171,3159,3980,4044,5110,5173,4012.072242742377,5141.642157906513,141.0707714679902,132.6749806702452,-0.6477957118980839,2.7533296896237224e-07,2.6756017722722157e-07,-1.3069432318379971e-09,11.879413604736328,11.516305923461914,-0.0765533596277237,0.007088799495249987,0.007537384983152151,6.922320608282462e-05,2017443.125,2018164.75,2094.492431640625,2110.224853515625,4012,5141,4011,5141,0,16.545263737342943,23.398536370390154,15.450205349989112,2237946.6630512993,0.0,1119512.8240283201,0.0,0.78820230828427
93.98372650146484,3226,3211,3451,3515,5112,5175,3482.4717363974632,5143.437978432729,141.8021063899431,133.19724823204615,-0.4560441626639431,2.570014774209703e-07,2.493284169525284e-07,-5.119576122030942e-10,11.909080505371094,11.540066719055176,-0.05280129238963127,0.007052158936858177,0.007507745176553726,4.829072713619098e-05,2125248.0,2125948.0,2206.491455078125,2226.299072265625,3483,5144,3483,5144,0,16.583104492886406,23.45205128009016,15.433154344952547,2351964.498687439,0.0,1175713.7660058592,0.0,0.8302974873049027
93.98372650146484,3195,3182,2918,2981,5113,5176,2949.6443676513663,5143.91437950599,140.83329144767538,132.70983111619296,-0.3081071063405716,2.6056307489179343e-07,2.5320152725033693e-07,-2.7012826701422766e-11,11.867812156677246,11.519469261169434,-0.037855565547943115,0.007100630085915327,0.00753527507185936,3.297049624961801e-05,2089466.625,2090219.625,2201.0283203125,2215.718994140625,2950,5143,2950,5142,0,16.539139111932894,23.389874842070803,15.363797683970594,2301617.4998863204,0.0,1151151.5043676756,0.0,0.8163436276677022
93.98372650146484,3169,3156,1858,1922,5116,5178,1889.9687308146067,5146.904365548586,143.50465246458873,128.77341142715443,-1.2629173822238045,2.69560793258607e-07,2.5248865914492486e-07,-4.390767385339081e-09,11.9838285446167,11.343100547790527,-0.08490493893623352,0.006969016510993242,0.007766248658299446,0.00013669424515683204,2056689.5,2057448.375,2095.17138671875,2110.89892578125,1891,5146,1892,5146,0,16.500850399047412,23.335726425022347,15.313967448207306,2271373.306872329,0.0,1135652.8953540034,0.0,0.8035446850167809
93.98372650146484,3127,3110,2388,2451,5116,5178,2419.4536024120716,5146.814280291628,139.2697551692412,130.71216835746873,-0.7698447822756407,2.725943495285752e-07,2.632391633810745e-07,-1.4733730482553324e-09,11.804171562194824,11.429937362670898,-0.08900820463895798,0.00718054361641407,0.007650646381080151,8.458132651867345e-05,2002463.875,2003201.625,2141.066650390625,2155.51416015625,2419,5147,2419,5147,0,16.431126666382617,23.237122176668517,15.326412816810372,2220645.734238357,0.0,1110293.5601977543,0.0,0.782358400018532
93.98372650146484,3203,3187,1324,1388,5118,5181,1356.3155913621968,5149.499282469292,141.31141688286243,131.5571654447582,-0.6098044643598541,2.5912064294042585e-07,2.45403084719757e-07,-1.4755871789887433e-09,11.889044761657715,11.468181610107422,-0.06219402700662613,0.00707671046257019,0.007601410150527954,6.560509064001963e-05,2114131.25,2114859.5,2178.435302734375,2196.548828125,1356,5150,1356,5149,0,16.51873428346193,23.361018056909277,15.294352405392345,2322831.55137253,0.0,1161180.107285156,0.0,0.8259668293170402
93.98372650146484,3226,3210,796,859,5120,5184,827.3863275423232,5151.879755433526,137.06163922869416,131.2463933386067,-1.206235072893378,2.3934495793781837e-07,2.3840974247188816e-07,-1.6430740845267384e-09,11.71759033203125,11.44579029083252,-0.19662222266197205,0.0072965775616467,0.007619873154908419,0.00013412006956059486,2187802.75,2188505.75,2464.636474609375,2479.849853515625,828,5153,828,5153,0,16.38011088385243,23.164974965119253,15.099737278339564,2414145.908588712,0.0,1207681.2622924808,0.0,0.8547296665663184
93.98372650146484,3197,3180,266,330,5122,5185,297.58856326805153,5153.405802034512,141.68559119561678,131.48924340563224,-0.2916550690109716,2.634418057521008e-07,2.5087910060879005e-07,-1.2982169428068955e-09,11.903525352478027,11.466512680053711,-0.02857273258268833,0.007057913113385439,0.007605219725519419,3.1310180929722264e-05,2089833.625,2090562.0,2207.989501953125,2223.845703125,298,5154,299,5153,0,16.528001530773434,23.374123923743067,15.34706191508492,2306507.3295661146,0.0,1153043.335585938,0.0,0.8164773435921819
93.98372650146484,3136,3127,6638,6701,5633,5694,6669.277035084941,5663.668145059634,140.6222922116906,130.24464146622267,-0.4103724355971963,2.749723719674781e-07,2.590617276124118e-07,-9.327478957695883e-10,11.859109878540039,11.411767959594727,-0.03946172818541527,0.007111313287168741,0.007677929475903511,4.481239375309087e-05,2011820.125,2012556.875,2084.427490234375,2222.03662109375,6667,5665,6667,5665,0,16.45803553520022,23.275177063898493,15.350931477894076,2223928.4480686933,0.0,1113095.890983887,0.0,0.7860121302923248
93.98372650146484,3165,3156,7167,7231,5631,5694,7198.637794859885,5662.365899329363,141.24645682214862,132.77533661769723,0.2880200607913821,2.7323510083319247e-07,2.638290743822985e-07,-7.588940760538278e-10,11.885127067565918,11.522393226623535,0.03394797071814537,0.00707985507324338,0.007531552575528622,-3.071564788115211e-05,2024592.0,2025346.5,2086.4853515625,2103.623779296875,7199,5663,7199,5663,0,16.553603639082514,23.410330772539112,15.431759678893112,2239158.269417802,0.0,1120135.3059863283,0.0,0.7910071694471262
93.98372650146484,3235,3223,6103,6167,5635,5698,6135.188151346225,5666.350423258751,141.17776223932128,131.80249897132296,-0.7548179588444555,2.451914580420181e-07,2.3544943173384265e-07,-1.866294865162795e-09,11.884366035461426,11.477896690368652,-0.07982643693685532,0.007083485368639231,0.0075873420573771,8.113263174891472e-05,2187383.75,2188116.5,2308.787109375,2327.961669921875,6135,5666,6135,5665,0,16.522114308121836,23.365798133624462,15.27657571816576,2402953.659198226,0.0,1202236.9119262705,0.0,0.8545776434232626
93.98372650146484,3261,3245,5575,5639,5636,5699,5606.683848185212,5667.208937391412,142.30862427958527,131.77395234680102,-0.28710963483854357,2.3031233448941405e-07,2.1930181907769944e-07,-9.026208604084317e-10,11.929645538330078,11.47894287109375,-0.02722683735191822,0.007027011830359697,0.007588786538690329,3.062096584471874e-05,2279847.25,2280582.0,2391.61767578125,2407.0380859375,5607,5668,5607,5668,0,16.55543948756379,23.41292705435979,15.278492834514452,2502192.3460688777,0.0,1251218.5265087888,0.0,0.8906904139672229
93.98372650146484,3205,3195,4513,4576,5637,5700,4544.479570231144,5668.545750782463,140.5535350482479,133.72381594379033,-0.6762153732867091,2.61714267312698e-07,2.5825798350975367e-07,-1.6393046049999364e-09,11.85832405090332,11.561034202575684,-0.09774618595838547,0.0071148998104035854,0.007478281389921904,7.195733633125201e-05,2083390.75,2084104.75,2174.18603515625,2184.876708984375,4543,5668,4543,5668,0,16.561320931376162,23.42124467196559,15.41175694164125,2303734.427103041,0.0,1152322.6266821297,0.0,0.8139554387996378
93.98372650146484,3244,3226,5046,5110,5637,5700,5077.822279423471,5668.298028344738,141.64522516599118,132.46964630873356,-0.9710088748126964,2.529180267342506e-07,2.432350994796451e-07,-2.0160273112854597e-09,11.905749320983887,11.50512981414795,-0.104286327958107,0.007060247007757425,0.007549278438091278,0.00010350389493396506,2158969.75,2159687.25,2321.0927734375,2336.5341796875,5078,5668,5078,5668,0,16.556414813440885,23.414306373442916,15.324010568243512,2374091.5346676623,0.0,1186869.2530078127,0.0,0.8434744862242328
93.98372650146484,3231,3216,3984,4048,5638,5701,4015.5143342811875,5669.264070253789,140.88561742520835,132.98569223687514,0.04927670038955512,2.5334321935415686e-07,2.467302919404542e-07,-1.8332688432121596e-10,11.869537353515625,11.531929016113281,0.0062372926622629166,0.007097957655787468,0.007519606966525316,-5.260174020804698e-06,2141645.75,2142358.0,2215.748779296875,2228.245361328125,4015,5669,4015,5668,0,16.54905766689099,23.403901797011688,15.330815571832636,2358426.6093347175,0.0,1179193.846049804,0.0,0.8367064783840229
93.98372650146484,3168,3158,2922,2986,5640,5702,2953.768099325937,5671.185388971224,141.3136252036619,132.82230151693898,-1.3027978415458392,2.763003796221628e-07,2.676448625663491e-07,-2.854661924942059e-09,11.895755767822266,11.516375541687012,-0.1488664150238037,0.007077098358422518,0.007529537193477154,0.00013883253268431872,2013610.125,2014330.5,2047.2315673828125,2058.126708984375,2954,5672,2954,5672,0,16.557050664916165,23.415205603222915,15.417676830739486,2224891.408436205,0.0,1113075.6107275386,0.0,0.7867048266239948
93.98372650146484,3157,3140,3454,3517,5640,5702,3485.8425776010936,5671.2831165494035,140.8647216250863,131.28433530253847,-0.37905540988822395,2.766417313594325e-07,2.65544779510771e-07,-1.8423219690498902e-09,11.869275093078613,11.457283973693848,-0.03948349878191948,0.0070990645326673985,0.00761711411178112,4.099405850865878e-05,2009888.75,2010616.375,2099.236328125,2115.19775390625,3485,5671,3485,5671,0,16.49694083542839,23.330197467129366,15.357470236844852,2223524.381431196,0.0,1111951.5801464843,0.0,0.7852542602625239
93.98372650146484,3099,3091,1863,1926,5644,5705,1894.4432607161257,5674.7665212411775,139.8847719291715,130.4092613749864,-0.9801434992263012,2.917605371685665e-07,2.7740241113275674e-07,-3.080365116778639e-09,11.83152961730957,11.41529369354248,-0.10200072079896927,0.007149117533117533,0.007668571081012487,0.00010746416228357702,1925752.375,1926501.125,1981.1038818359375,2000.23291015625,1896,5674,1896,5674,0,16.44062143911105,23.25054981303272,15.372131164167886,2138443.663574294,0.0,1069764.2995898442,0.0,0.7524027132260848
93.98372650146484,3153,3138,2393,2456,5642,5705,2424.731262649361,5673.184083587904,140.52368368179793,132.12573134229353,-0.8361749643310077,2.7643051418582786e-07,2.6796953088932406e-07,-9.123773764785809e-10,11.857745170593262,11.491008758544922,-0.09828320145606995,0.007116506341844797,0.007568833418190479,9.007548214867711e-05,2003173.25,2003879.5,2047.3536376953125,2063.014404296875,2426,5673,2427,5672,0,16.51209904960879,23.351634419204643,15.408366756736312,2220327.610236129,0.0,1110475.8182348632,0.0,0.7826231468087671
93.98372650146484,3140,3125,1330,1393,5646,5708,1361.1878552839726,5676.8537138138745,140.24955535863114,130.65143393344408,-0.4353990862776982,2.7889140392340793e-07,2.651830146838607e-07,-5.794414638137566e-10,11.84353256225586,11.429423332214355,-0.04523909464478493,0.007130220998078585,0.0076540326699614525,4.7523270040983334e-05,1995700.875,1996437.5,2130.33154296875,2148.549560546875,1362,5677,1362,5677,0,16.45907012233909,23.276640191061734,15.319602476658364,2203847.585256575,0.0,1101837.3044091803,0.0,0.7797166439683764
93.98372650146484,3138,3126,800,863,5648,5710,831.7208493242401,5679.183569785265,140.82460744573916,131.41007293815983,-0.39124000599542796,2.766150424897807e-07,2.6212962713432455e-07,-1.2486124091158298e-09,11.86763858795166,11.462715148925781,-0.041461724787950516,0.007101090624928474,0.007609829772263765,4.228337274980731e-05,2004319.0,2005062.25,2079.771484375,2089.60595703125,831,5678,831,5678,0,16.499535762678263,23.33386724843951,15.38301442657791,2212698.6931577306,0.0,1106860.724152832,0.0,0.7830850745478792
93.98372650146484,3176,3164,7170,7233,6158,6221,7201.632603077385,6189.317094836297,140.89738977296736,132.05924733860877,-0.9327365257877318,2.6233011219698156e-07,2.531859755182948e-07,-1.8952122053657614e-09,11.874120712280273,11.487466812133789,-0.1040087342262268,0.007097695488482714,0.00757271284237504,0.00010026226664194837,2073518.0,2074274.375,2112.302001953125,2134.76416015625,7201,6191,7201,6191,0,16.521399369047895,23.364787057089828,15.340059728538778,2286112.4404795817,0.0,1143014.7399291992,0.0,0.8101161465583577
93.98372650146484,3157,3146,6642,6705,6160,6222,6673.2833828089315,6190.584179962147,140.23103254349974,131.41336992866502,-0.7011126789235504,2.6798806716872826e-07,2.5826038616385144e-07,-1.7979744165489162e-09,11.844257354736328,11.461150169372559,-0.07885203510522842,0.007131279446184635,0.007609779015183449,7.609317981405184e-05,2040055.125,2040804.375,2083.759765625,2096.59716796875,6673,6191,6673,6191,0,16.481638343082423,23.30855647491559,15.317998942026609,2254575.739781953,0.0,1127257.1587182616,0.0,0.7970443043025288
93.98372650146484,3230,3217,5579,5643,6162,6225,5610.882337871079,6193.49082577747,141.4340438422488,132.97947202447915,-0.5321582174493642,2.492013963419048e-07,2.4098901358679537e-07,-1.3368842756106555e-09,11.894007682800293,11.53022575378418,-0.06261388212442398,0.007070539984852076,0.007520070765167475,5.658987720380537e-05,2162631.0,2163346.0,2263.25146484375,2289.009765625,5611,6193,5611,6193,0,16.56543135166507,23.42705768408521,15.386605192679475,2388624.2207197538,0.0,1194125.7425805668,0.0,0.8449034256581591
93.98372650146484,3096,3086,4517,4580,6165,6226,4548.457643029984,6195.464355461628,139.96856760825665,129.70014625400324,-0.477107597885265,2.8341341436932597e-07,2.6775678242958217e-07,-1.2960508824281985e-09,11.831766128540039,11.387625694274902,-0.0463305227458477,0.007144550792872906,0.007710188161581755,5.256307849776931e-05,1955058.75,1955817.875,2065.142333984375,2077.0556640625,4548,6197,4548,6196,0,16.421592914886787,23.22363941600282,15.315334309217816,2157825.2773306277,0.0,1079026.6298632817,0.0,0.763852487096822
93.98372650146484,3150,3129,5051,5114,6164,6226,5082.772292736958,6194.984603904526,139.58542352060488,131.2391273367565,-0.37720619306389835,2.6305662443762694e-07,2.552306006641291e-07,-8.046431963519367e-10,11.815347671508789,11.455222129821777,-0.045071959495544434,0.00716412765905261,0.007619738113135099,4.1182127461070195e-05,2051005.875,2051767.75,2181.438232421875,2196.872802734375,5083,6195,5083,6195,0,16.45674788217166,23.27335604752187,15.304694311757329,2261521.701953887,0.0,1130858.4346386718,0.0,0.8013260942216055
93.98372650146484,3199,3188,6109,6172,6163,6226,6140.2615867848035,6194.426996090636,139.36562677737606,132.02226255737412,0.02325370909056801,2.4776472356486396e-07,2.428016520273831e-07,-8.781469020046712e-10,11.805325508117676,11.490091323852539,0.0031665866263210773,0.0071753705851733685,0.00757448049262166,-2.5276642645621905e-06,2140906.5,2141651.5,2272.931884765625,2284.5390625,6140,6194,6140,6194,0,16.473854719972195,23.297548769548705,15.244719747611143,2355754.92077179,0.0,1178008.9607739255,0.0,0.836430551985644
93.98372650146484,3145,3130,3988,4052,6165,6227,4020.1664135997003,6196.391586981303,140.52993134358894,131.1811096998157,-0.6035920537317452,2.7170965081536206e-07,2.599017250481983e-07,-2.1392920373788664e-09,11.856168746948242,11.451738357543945,-0.06420814245939255,0.007116062566637993,0.007623199373483658,6.548501551151276e-05,2022178.625,2022920.125,2093.239013671875,2109.663330078125,4022,6196,4022,6196,0,16.483659819451645,23.31141527421296,15.376837183568876,2239341.0632563042,0.0,1119276.465686035,0.0,0.790059538994378
93.98372650146484,3274,3267,2925,2989,6165,6229,2956.9409929499043,6197.490512593094,142.48306277378526,134.62604531050874,-1.2127668938321676,2.3843676319897664e-07,2.3054755289706485e-07,-1.9832248861041354e-09,11.944287300109863,11.59496021270752,-0.14971381425857544,0.007018916308879852,0.007428552955389023,0.00012645857350435108,2241150.0,2241875.5,2223.0908203125,2246.222412109375,2958,6199,2959,6197,0,16.646594489092777,23.541839693800227,15.400217038914226,2461606.5371743767,0.0,1231388.5162158199,0.0,0.8755734357098209
93.98372650146484,3214,3202,3460,3523,6166,6229,3491.3756815177544,6197.2232361072665,141.60715514107358,133.7900127166498,-0.5586770512811654,2.62020668562399e-07,2.5575799278726453e-07,-1.1174714441627615e-09,11.901549339294434,11.565046310424805,-0.07098735868930817,0.00706190662458539,0.0074745225720107555,5.897787195863202e-05,2093626.25,2094343.125,2163.497802734375,2174.0400390625,3492,6198,3492,6198,0,16.59509469264106,23.469007983198754,15.47752528080039,2321795.2267366042,0.0,1162037.4361401354,0.0,0.8179540770714043
93.98372650146484,3230,3219,2396,2460,6168,6231,2427.5444711572804,6199.37764741914,140.8742302798804,132.94646276542665,-1.5352370577965075,2.522202345618718e-07,2.449115370350955e-07,-2.0042667479075155e-09,11.881125450134277,11.517792701721191,-0.18475791811943054,0.0070994240231812,0.00752277160063386,0.00016396523278672248,2147652.25,2148390.0,2243.68017578125,2263.3466796875,2427,6201,2427,6201,0,16.54752830622468,23.401738954415634,15.316425732743486,2362555.335284426,0.0,1181430.8561303713,0.0,0.8390623000896447
93.98372650146484,3138,3126,1867,1930,6171,6233,1898.1629874109794,6201.913179020092,140.90450334747902,131.73990380669613,-0.2734932074980634,2.7953925843681816e-07,2.6578506900016147e-07,-8.563538582240486e-10,11.8706636428833,11.477445602416992,-0.029806992039084435,0.007097033783793449,0.007590745110064745,2.946700988104567e-05,1992185.25,1992918.0,2044.8057861328125,2059.5068359375,1899,6202,1899,6202,0,16.511947406474356,23.351419963427283,15.440135253617917,2206870.737755584,0.0,1103723.0058666992,0.0,0.7783420891784334
93.98372650146484,3226,3216,1333,1397,6172,6235,1364.6050858863039,6203.499309684302,142.76315949285208,134.1276589101617,-0.9799035755971772,2.614486664423825e-07,2.5511229788536106e-07,-9.906559404236462e-10,11.952947616577148,11.576608657836914,-0.11158376932144165,0.007004959508776665,0.007455957587808371,0.00010235301306238398,2104024.0,2104763.25,2133.4423828125,2147.207763671875,1365,6204,1365,6204,0,16.640036610627206,23.532565453133824,15.4967506299889,2321649.395139927,0.0,1160877.6333911142,0.0,0.8220236985319964
93.98372650146484,3179,3163,804,868,6174,6236,835.62661489198,6205.198778319386,141.65611451366988,132.03777371912008,-0.6872356426914621,2.728380414963165e-07,2.608726411490715e-07,-2.089355154886899e-09,11.903989791870117,11.488642692565918,-0.07097005844116211,0.007059527561068535,0.007573781535029411,7.348744111368433e-05,2039914.625,2040642.25,2129.220703125,2146.543701171875,835,6205,834,6205,0,16.543696329200134,23.396319720536816,15.361957362732383,2242450.9064844497,0.0,1121530.4110058595,0.0,0.7969809857358803
93.98372650146484,4350,4332,5033,5112,6691,6759,5082.723418808333,6725.1376949952155,200.66533607133397,148.0837133614732,0.426456567994137,2.8093604533986617e-07,1.9991394861437502e-07,2.175513364613924e-09,14.16576099395752,12.1688232421875,0.008109661750495434,0.004983452148735523,0.006752978544682264,-2.870303433155641e-05,3037242.75,3037949.5,2761.619384765625,2784.06201171875,5084,6725,5085,6725,0,18.674823946501,26.41018930007156,nan,nan,0.0,0.0,0.0,1.18648331775245
93.98372650146484,5141,5112,5563,5660,6689,6760,5612.406673332737,6724.554750482743,235.8328309451822,153.22712645747288,0.5962778655068632,3.9113577448048247e-07,2.1370666232884102e-07,2.020458658613507e-09,15.356989860534668,12.378320693969727,0.00721786031499505,0.004240333568304777,0.006526323966681957,-3.3002212148858234e-05,3173341.75,3173781.75,2744.30419921875,2767.6591796875,5614,6725,5614,6725,0,19.7246028452452,27.8948008561687,17.416058258443076,3543510.6874498,0.0,1775213.0299682615,0.0,1.2395331458150232
93.98372650146484,5288,5218,6091,6189,6683,6760,6141.034288098342,6722.1716841382295,232.61298537329048,156.45230188944743,-0.540350705758101,3.5291441735776425e-07,2.0550128446534892e-07,-1.2369074388052056e-10,15.25178050994873,12.507936477661133,-0.007094401400536299,0.0042990208603441715,0.006391775794327259,2.969568049593363e-05,3385293.0,3385854.5,2965.71142578125,2975.983642578125,6141,6723,6141,6723,0,19.724737951687416,27.89499192553165,17.238312918139524,3737890.5488270577,0.0,1873101.1078466803,0.0,1.3223590058317503
93.98372650146484,5322,5283,3445,3544,6690,6763,3493.8134522941555,6727.6392947776685,241.29649429895926,155.26320148393734,-0.5023586508366407,3.7586478139434255e-07,2.0558918378045103e-07,-3.4144673671277944e-10,15.533815383911133,12.460348129272461,-0.005838853772729635,0.004144306760281324,0.006440719589591026,2.6818053811439313e-05,3349801.75,3350238.75,2911.2646484375,2934.498291015625,3494,6727,3494,6727,0,19.913806662285758,28.162375460280213,17.48495466340176,3742537.1679859944,0.0,1875541.446704101,0.0,1.3084491323383818
93.98372650146484,5716,5678,3967,4074,6691,6763,4022.56069558367,6726.885511650321,267.2654703648159,155.48526775835012,0.4594492064049973,4.0706798756010584e-07,1.930070696163381e-07,8.743759950266764e-10,16.34831428527832,12.469297409057617,0.004110198933631182,0.0037416170816868544,0.006431510206311941,-2.2112488295533694e-05,3585505.5,3585977.0,3019.031494140625,3034.21728515625,4023,6727,4023,6728,0,20.560903144637543,29.077508081786032,17.606626858666754,3957095.8083280185,0.0,1984260.2258300774,0.0,1.4005176479543118
93.98372650146484,5364,5307,4502,4603,6691,6763,4552.791600627651,6726.813236044551,247.56640319167354,151.15606435033942,-0.1387848710178332,3.75171979911486e-07,1.8877869043081386e-07,6.19065173819764e-10,15.734249114990234,12.294546127319336,-0.0014395187608897686,0.00403932249173522,0.006615682505071163,7.417457254632609e-06,3450393.25,3450913.75,3010.56884765625,3037.28076171875,4552,6727,4552,6726,0,19.968036146351825,28.239067532126942,17.358879787504602,3818823.141759567,0.0,1913362.9025390625,0.0,1.3477681559148857
93.98372650146484,5493,5457,2383,2482,6693,6766,2432.45044295677,6729.719002133096,244.4668237930009,159.65950306378386,-0.13690826686092805,3.758980686370129e-07,2.1286810187665863e-07,-8.588288567896847e-11,15.635441780090332,12.635635375976562,-0.0016143393004313111,0.004090536385774612,0.006263331975787878,7.015282790234778e-06,3426117.0,3426536.5,2900.818115234375,2918.71533203125,2432,6730,2432,6731,0,20.102893494638646,28.429784623059838,17.500729222850627,3788965.047561723,0.0,1899449.188876954,0.0,1.3382475235088234
93.98372650146484,5527,5495,2913,3010,6691,6766,2961.176445841709,6728.804773328955,234.79315139932396,164.6037892029035,-0.6381524939697556,3.5171724275111624e-07,2.1906160814770975e-07,-3.7456787148138287e-10,15.323150634765625,12.829574584960938,-0.009090866893529892,0.004259112756699324,0.006075258366763592,3.3024312870111316e-05,3480733.75,3481118.75,2971.9853515625,2982.832275390625,2960,6728,2961,6728,0,19.984917828258077,28.262941835634432,17.441297047475476,3855553.175696792,0.0,1932981.384594726,0.0,1.3595648393728275
93.98372650146484,5180,5149,1856,1952,6697,6767,1902.9722199211533,6731.523061512277,236.47664179414824,153.44386664298304,-1.3015503168983287,3.755574120256372e-07,2.072051373901503e-07,-2.759639532194298e-09,15.378459930419922,12.386423110961914,-0.015670007094740868,0.004228944890201092,0.006517345551401377,7.174199708970264e-05,3253807.25,3254232.5,2833.96533203125,2851.390869140625,1902,6731,1902,6731,0,19.746404949689737,27.92563368796244,17.449864348534124,3642566.0363086695,0.0,1825042.5156445317,0.0,1.2709535077320573
93.98372650146484,5195,5167,6096,6194,7214,7284,6145.836372090101,7248.9400220128655,238.30646715624016,152.1987613134961,1.1553695025240813,3.812172013795518e-07,2.0212683683121049e-07,2.2272718524707476e-09,15.4376802444458,12.336257934570312,0.013414504937827587,0.004196431487798691,0.006570597644895315,-6.371180643327534e-05,3271127.0,3271591.0,2846.68017578125,2861.4423828125,6147,7249,6147,7248,0,19.761205137079475,27.946564313694672,17.28980245474766,3611597.4265473946,0.0,1810277.708745117,0.0,1.2777329392766588
93.98372650146484,5163,5141,5568,5664,7215,7286,5616.941999935634,7250.645150829236,233.63509502638726,154.41196215476612,-0.6028185398986352,3.7615825393239694e-07,2.1178270215351293e-07,-1.0483492536804206e-09,15.285276412963867,12.426076889038086,-0.00760853523388505,0.004280222114175558,0.00647624721750617,3.341965566505678e-05,3223828.5,3224282.75,2788.129638671875,2817.6220703125,5618,7251,5616,7251,0,19.69891005058791,27.858465757509094,17.39650135051001,3597020.1679211413,0.0,1802576.4746044925,0.0,1.2592565131816686
93.98372650146484,5292,5258,3446,3545,7218,7289,3497.0783422134546,7253.545301781296,241.02466891881613,155.0683617750617,-0.24456369178687964,3.811015368106891e-07,2.0774153860214254e-07,3.9954649779107937e-10,15.524991989135742,12.452616691589355,-0.0028451785910874605,0.004148959647864103,0.006448779255151749,1.3086935723549686e-05,3311455.0,3311886.75,2842.248779296875,2854.937255859375,3498,7253,3498,7253,0,19.902086088997752,28.14580006657753,17.521081800153247,3703698.015407714,0.0,1855979.6470263675,0.0,1.2934706054726648
93.98372650146484,5292,5258,3977,4076,7218,7289,4026.657858579375,7253.316748622241,244.86338470729697,154.71195682975213,-0.41144690450209964,4.01639631708626e-07,2.1424002430598144e-07,-8.590667926843342e-10,15.648171424865723,12.438250541687012,-0.004563826601952314,0.004083928186446428,0.0064636534079909325,2.1721909433836117e-05,3243162.5,3243591.0,2785.40380859375,2795.4990234375,4027,7253,4027,7253,0,19.98938071919811,28.26925331652922,17.60034623946108,3634616.8443950666,0.0,1821808.5290185537,0.0,1.2667974273805365
93.98372650146484,5199,5172,2916,3012,7220,7291,2963.5919488228274,7255.198872634755,233.8747154605503,153.16606972210866,0.14145678416866758,3.563191628291873e-07,1.9810795991336648e-07,1.6935815036128219e-09,15.292970657348633,12.376017570495605,0.0017526772571727633,0.004275796003639698,0.006528864614665508,-7.89783734944649e-06,3345851.25,3346282.0,2913.58642578125,2935.540771484375,2965,7256,2965,7255,0,19.673352159270138,27.822321440981842,17.318451884591475,3726939.864483491,0.0,1867683.9284863283,0.0,1.306903807813561
93.98372650146484,5712,5678,4504,4605,7216,7291,4554.949901715526,7252.580330318827,246.22478937445248,163.46217255798388,0.5886066099456002,3.4811603236813786e-07,2.0211706390978679e-07,2.561124668608674e-09,15.69168472290039,12.78506851196289,0.007111507002264261,0.004061364568769932,0.006117675919085741,-2.9248920327518135e-05,3679816.75,3680239.25,3125.27099609375,3147.580810546875,4556,7253,4555,7253,0,20.240725331184066,28.624708275629164,17.509060581463675,4067794.527386626,0.0,2039733.431259766,0.0,1.4373321463911064
93.98372650146484,5806,5753,5035,5140,7213,7292,5088.374266141902,7251.598696542081,256.9045400706418,162.00060352224637,0.6684370137668338,3.6107818533915923e-07,1.9581706021849926e-07,2.5897130925035784e-09,16.02838897705078,12.727761268615723,0.007042835466563702,0.0038925381377339363,0.006172882858663797,-3.212230876670219e-05,3740977.0,3741462.25,3178.423583984375,3199.04296875,5089,7251,5089,7251,0,20.46717233994203,28.944952706573496,17.671573014781547,4161405.908024519,0.0,2086704.0882861333,0.0,1.4612430337059739
93.98372650146484,5285,5258,1856,1955,7222,7293,1905.4646882720435,7257.944237910919,242.16257995829028,155.37819170776675,-0.8424773388483118,3.8580976138394904e-07,2.0971015695411633e-07,-1.3292599993778212e-09,15.561836242675781,12.464751243591309,-0.009706486947834492,0.004129535052925348,0.006436030846089125,4.4781569158658385e-05,3288167.75,3288603.0,2833.19091796875,2855.02783203125,1906,7258,1906,7258,0,19.93842450310598,28.19719034464452,17.610061540428312,3694292.941864626,0.0,1851439.708884278,0.0,1.2843770438615456
93.98372650146484,5654,5622,2385,2485,7219,7295,2434.8353041240775,7257.460755046797,241.39235305443754,165.33022339450395,-0.016129604488924087,3.5281759925624957e-07,2.1273555558452966e-07,1.1493486354121431e-09,15.536806106567383,12.85807991027832,-0.00021205826487857848,0.00414263317361474,0.006048501003533602,8.083100055955583e-07,3586354.5,3586787.75,3065.987060546875,3077.728759765625,2435,7258,2435,7258,0,20.167364142320174,28.52095988738603,17.580848301574736,3996404.1377137755,0.0,2003649.305263671,0.0,1.400834289606804
93.98372650146484,5433,5404,4509,4609,7743,7815,4559.826715270499,7779.64042192393,245.5425642199516,155.0654973947817,-0.8318028579458314,3.606371503394228e-07,1.9023155051602876e-07,-1.1874964538725693e-09,15.670042037963867,12.45222282409668,-0.009192485362291336,0.004072687588632107,0.006449005100876093,4.3693449697457254e-05,3522358.0,3522813.25,3016.3349609375,3025.032958984375,4560,7780,4560,7780,0,20.01519576758452,28.3057613080706,17.50647344249413,3934596.658001557,0.0,1972588.9204833985,0.0,1.3758487929711443
93.98372650146484,5387,5357,3982,4081,7745,7816,4032.348058544123,7780.447318975397,242.1960771534541,156.00115547577502,-0.16720670324662024,3.7517600364999515e-07,2.0307690638295923e-07,8.303840879938674e-10,15.562660217285156,12.490029335021973,-0.0019398574950173497,0.0041288891807198524,0.006410213652998209,8.850933227222413e-06,3400889.75,3401342.25,2954.061767578125,2971.31005859375,4033,7780,4032,7780,0,19.954879920190677,28.2204618186602,17.490944132216285,3797714.5614098352,0.0,1903531.2754541016,0.0,1.328407808487792
93.98372650146484,5087,4995,5045,5140,7741,7816,5092.411892304022,7778.776936015384,227.83149178621807,153.82951878206245,-0.37738900545036813,3.702388366302299e-07,2.1381247385491774e-07,-7.689076161111716e-10,15.094151496887207,12.402725219726562,-0.005099538713693619,0.0043892269022762775,0.006500729359686375,2.1536125132115558e-05,3183304.5,3184082.5,2834.85498046875,2858.36572265625,5094,7779,5094,7779,0,19.53614625683071,27.628282992914365,17.290613038575014,3560963.059061358,0.0,1785265.7267333984,0.0,1.2435561448923083
93.98372650146484,5485,5455,2918,3018,7746,7818,2968.4303712953833,7781.9616918857955,249.52849139759428,155.6724760973416,1.6745799650207118,3.7118561571220156e-07,1.9341851571186463e-07,4.016661354728857e-09,15.797416687011719,12.475680351257324,0.017834443598985672,0.004007847514003515,0.0064242067746818066,-8.622540917713195e-05,3516465.75,3516895.0,2997.05908203125,3019.10400390625,2969,7783,2969,7783,0,20.12960425579539,28.467559343749013,nan,nan,0.0,0.0,0.0,1.3735373967826006
93.98372650146484,5427,5395,3451,3551,7744,7818,3501.733112676634,7780.600940949571,241.5397073702352,157.2959289030366,-0.1359878804660184,3.630355546645875e-07,2.0022588723381537e-07,1.80326367329432e-09,15.54155445098877,12.54175853729248,-0.0016142131062224507,0.0041401078924536705,0.006357446778565645,7.1585391197004355e-06,3471156.25,3471666.75,2233.328857421875,6824.708984375,3505,7790,3479,7787,0,19.970869692461363,28.24307477146466,17.498514701041064,3876988.582806855,0.0,1943659.8669335935,0.0,1.3558733229998936
